Code;Code_source;Année;Date;Nom_espèce_source;Nom_RefTax_MNHN;Pays;Region;Ville;Quartier/lieux dit;UTM;UTM1;UTM10;Latitude;Longitude;Altitude;Mode_lecture;Précision;Précision;Type_acquisition ;nom_Observateur;orga_Observateur;Nom_bdd;Auteur;Année_publication;Titre_publication;Nom_revue;confidentialité;nom_fournisseur;organisation;Indigénat_population;Nombre_individus;Surface_patch;abondance_rareté;Description;Corinne;Direct_hab;Ordre;Association;Remarque;Remarque
71;;2016;;Convolvulus lanuginosus;;Spain;;;;;;;41,36444;1,94458;;;;30;communication personnelle;Aaro Perez;;;;;;;privées;Aaro Perez;Universitat de Barcelona;;;;;;;;;;;Around here  in burned areas
72;;2016;;Convolvulus lanuginosus;;Spain;;;;;;;41,58101;1,88544;;;;30;communication personnelle;Aaro Perez;;;;;;;privées;Aaro Perez;Universitat de Barcelona;;;;;;;;;;;
73;;2016;20160414;Convolvulus lanuginosus;;;Aragon;;;;;;41,910433;0,914314;;pointage carte;;30;Flickr;Ferran Turmo;;;;;;;libre;Ferran Turmo;;;;;;;;;;;;
75;;2016;20160414;Convolvulus lanuginosus;;;;Molvizar;Close to Molvizar, Sierra de los Guajares;;;;36,794605;-3,617227;;pointage carte;;100;donnée inédite;Juan Lorite;;;;;;;libre;Juan Lorite;;;;;;;;;;;;
76;;2016;20160414;Convolvulus lanuginosus;;;;Guajar Alto-Guajar Faraguit;;;;;36,848061;-3,611114;;pointage carte;;100;donnée inédite;Juan Lorite;;;;;;;libre;Juan Lorite;;;;;;;;;;;;
77;;2016;20160414;Convolvulus lanuginosus;;;;Castala Berja (Gador);Along the track that reaches the top of the Sierra;;;;36,889033;-2,921633;;pointage carte;;100;donnée inédite;Juan Lorite;;;;;;;libre;Juan Lorite;;;;;;;;;;;;
78;;2016;20160414;Convolvulus lanuginosus;;;;Laujar de Andarax;Close to the villge along the track to Monterrey refuge;;;;37,000956;-2,904631;;pointage carte;;100;donnée inédite;Juan Lorite;;;;;;;libre;Juan Lorite;;;;;;;;;;;;
79;;2016;20160414;Convolvulus lanuginosus;;;;Beires (Almeria);;;;;37,012544;-2,823631;;pointage carte;;100;donnée inédite;Juan Lorite;;;;;;;libre;Juan Lorite;;;;;;;;;;;;
85;;2002;;Convolvulus lanuginosus;;ESPAÑA;TERUEL;Peñarroya de Tastavins;Junto al comedero de buitres;31TBF51;31TBF5115;31TBF516152;40,75026;0,0577;;;;100;communication personnelle;P. MONTSERRAT, D. GOMEZ, X. LIZAUR & C. GIRARD;;IPE JACA;;;;;privées;Maria Begona Garcia;IPE;;;;;Pinar de Pinus halepensis con Quercus coccifera.;;;;;;
86;;2002;;Convolvulus lanuginosus;;ESPAÑA;TERUEL;Beceite;Pista a Fuentespalda;31TBF52;31TBF5621;31TBF567213;40,80667;0,11566;;;;100;communication personnelle;P. MONTSERRAT, D. GOMEZ, X. LIZAUR & C. GIRARD;;IPE JACA;;;;;privées;Maria Begona Garcia;IPE;;;;;Matorral de romero.;;;;;;
87;;2001;;Convolvulus lanuginosus;;ESPAÑA;TERUEL;Muniesa;Pr La Atalaya;30TXL84;30TXL8941;30TXL896417;41,00446;-0,74551;;;;100;communication personnelle;N. MERCADAL;;IPE JACA;;;;;privées;Maria Begona Garcia;IPE;;;;;"; Calcareo";;;;;;
88;;2001;;Convolvulus lanuginosus;;ESPAÑA;ZARAGOZA;Fuentes de Ebro;Pr Novillas;30TXL99;30TXL9999;30TXL999994;41,5213;-0,60422;;;;100;communication personnelle;N. MERCADAL;;IPE JACA;;;;;privées;Maria Begona Garcia;IPE;;;;;"; Calcareo";;;;;;
89;;2011;;Convolvulus lanuginosus;;ESPAÑA;HUESCA;Castillonroy;Pr presa de Santa Ana;31TBG93;31TBG9838;31TBG988386;41,87374;0,57543;;;;100;communication personnelle;J.V. FERRANDEZ;;IPE JACA;;;;;privées;Maria Begona Garcia;IPE;;;;;Romeral-coscojar, exp. S;;;;;;
90;;2011;;Convolvulus lanuginosus;;ESPAÑA;HUESCA;Castillonroy;Pr presa de Santa Ana, hacia Baldellou;31TBG94;31TBG9940;31TBG992400;41,88644;0,57977;;;;100;communication personnelle;J.V. FERRANDEZ;;IPE JACA;;;;;privées;Maria Begona Garcia;IPE;;;;;Calizas. Ladera soleada.;;;;;;
91;;2011;;Convolvulus lanuginosus;;ESPAÑA;HUESCA;Castillonroy;Pr presa de Santa Ana, hacia Baldellou;31TBG94;31TBG9940;31TBG992402;41,88824;0,57971;;;;100;communication personnelle;J.V. FERRANDEZ;;IPE JACA;;;;;privées;Maria Begona Garcia;IPE;;;;;Calizas. Ladera soleada.;;;;;;
92;;2011;;Convolvulus lanuginosus;;ESPAÑA;HUESCA;Castillonroy;Pr presa de Santa Ana, hacia Baldellou;31TBG94;31TBG9940;31TBG996403;41,88924;0,58449;;;;100;communication personnelle;J.V. FERRANDEZ;;IPE JACA;;;;;privées;Maria Begona Garcia;IPE;;;;;Yesos del Keuper, claro de pinar de P. halepensis, exp. E;;;;;;
93;;2009;;Convolvulus lanuginosus;;ESPAÑA;HUESCA;Baldellou;Peña Hoja;31TBG94;31TBG9943;31TBG998431;41,91449;0,58595;;;;100;communication personnelle;J.J. BAUTISTA Y J. PUENTE;;IPE JACA;;;;;privées;Maria Begona Garcia;IPE;;;;;A la sombra de pinar de repoblación;;;;;;
94;;2004;;Convolvulus lanuginosus;;ESPAÑA;HUESCA;Naval;Barranco del Mallo;31TBG67;31TBG6075;31TBG600750;42,19034;0,09351;;;;100;communication personnelle;D. GOÑI;;IPE JACA;;;;;privées;Maria Begona Garcia;IPE;;;;;Conglomerado calizo. Zonas llanas con muchas anuales. Muy soleado;;;;;;
1355;;1996;22/04/1996;Convolvulus lanuginosus;;ESPAÑA;TERUEL;Andorra;pr Val de Ariño;30TYL14;30TYL1341;;40,99238;-0,46776;;;;1000;communication personnelle;MERCADAL;;IPE JACA;;;;;privées;Maria Begona Garcia;IPE;;;;;;;;;;;
1356;;1996;27/04/1996;Convolvulus lanuginosus;;ESPAÑA;TERUEL;Mazaleón;Mas de los Casos;31TBF54;31TBF5742;;40,993;0,11111;;;;1000;communication personnelle;FABREGAT & LOPEZ UDIAS;;IPE JACA;;;;;privées;Maria Begona Garcia;IPE;;;;;;;;;;;
1357;;1995;27/04/1995;Convolvulus lanuginosus;;ESPAÑA;TERUEL;Albalate del Arzobispo;pto de la Calzada;30TYL14;30TYL1248;;41,05564;-0,47723;;;;1000;communication personnelle;MERCADAL;;IPE JACA;;;;;privées;Maria Begona Garcia;IPE;;;;;;;;;;;
1358;;1974;12/06/1974;Convolvulus lanuginosus;;ESPAÑA;ZARAGOZA;Almunia de Doña Godina (La);Peñascos secos de Mularroya, Río Grío;30TXL28;30TXL2989;;41,44222;-1,4558;;;;1000;communication personnelle;P. MONTSERRAT;;IPE JACA;;;;;privées;Maria Begona Garcia;IPE;;;;;Peñascos secos.;;;;;;
1359;;1994;25/04/1994;Convolvulus lanuginosus;;ESPAÑA;ZARAGOZA;Almunia de Doña Godina (La);Peña María Sobre Mularroya;30TXL39;30TXL3191;;41,4599;-1,43143;;;;1000;communication personnelle;A. MARTINEZ;;IPE JACA;;;;;privées;Maria Begona Garcia;IPE;;;;;Pedregales calizos.;;;;;;
1360;;1985;30/03/1985;Convolvulus lanuginosus;;ESPAÑA;ZARAGOZA;Almunia de Doña Godina (La);Cerro junto al río Grío;30TXL39;30TXL3192;;41,46891;-1,43121;;;;1000;communication personnelle;P. MONTSERRAT;;IPE JACA;;;;;privées;Maria Begona Garcia;IPE;;;;;Peñascos calizos con Ephedra.;;;;;;
1361;;1980;04/06/1980;Convolvulus lanuginosus;;ESPAÑA;ZARAGOZA;Bujaraloz;Hostal Ciervo;30TYL29;30TYL2296;;41,48489;-0,34087;;;;1000;communication personnelle;P. & G. MONTSERRAT;;IPE JACA;;;;;privées;Maria Begona Garcia;IPE;;;;;;;;;;;
1362;;1995;13/05/1995;Convolvulus lanuginosus;;ESPAÑA;ZARAGOZA;Miralbueno;Ctra a Garrapinillos;30TXM71;30TXM7313;;41,64998;-0,92247;;;;1000;communication personnelle;C. CALVO;;IPE JACA;;;;;privées;Maria Begona Garcia;IPE;;;;;;;;;;;
1363;;1987;05/06/1987;Convolvulus lanuginosus;;ESPAÑA;HUESCA;Castillonroy;Monte Santa Ana;31TCG03;31TCG0138;;41,86889;0,60212;;;;1000;communication personnelle;P. & G. MONTSERRAT;;IPE JACA;;;;;privées;Maria Begona Garcia;IPE;;;;;;;;;;;
1364;;1987;06/06/1987;Convolvulus lanuginosus;;ESPAÑA;HUESCA;Castillonroy;Embalse de Santa Ana Solana de Piñana;31TBG93;31TBG9839;;41,87713;0,56566;;;;1000;communication personnelle;P. & G. MONTSERRAT;;IPE JACA;;;;;privées;Maria Begona Garcia;IPE;;;;;;;;;;;
1365;;1987;28/05/1987;Convolvulus lanuginosus;;ESPAÑA;HUESCA;Castillonroy;Junto a la presa de Santa Ana;31TBG93;31TBG9939;;41,87739;0,5777;;;;1000;communication personnelle;G. MONTSERRAT;;IPE JACA;;;;;privées;Maria Begona Garcia;IPE;;;;;Peña rocosa.;;;;;;
1366;;1996;29/09/1996;Convolvulus lanuginosus;;ESPAÑA;HUESCA;Castillonroy;Sobre la presa de Santa Ana, suelo calizo, romeral en Exp S;31TBG94;31TBG9840;;41,88613;0,56532;;;;1000;communication personnelle;J.V. FERRANDEZ;;IPE JACA;;;;;privées;Maria Begona Garcia;IPE;;;;;;;;;;;
1367;;1987;28/05/1987;Convolvulus lanuginosus;;ESPAÑA;HUESCA;Castillonroy;Cerca de la presa de Santa Ana;31TBG94;31TBG9940;;41,88639;0,57736;;;;1000;communication personnelle;G. MONTSERRAT;;IPE JACA;;;;;privées;Maria Begona Garcia;IPE;;;;;Pie de cantil y matorrales.;;;;;;
1368;;1987;27/05/1987;Convolvulus lanuginosus;;ESPAÑA;HUESCA;Castillonroy;Pie de cantil solano junto carretera Embalse Baldellou;31TBG94;31TBG9645;;41,93061;0,53951;;;;1000;communication personnelle;G. MONTSERRAT;;IPE JACA;;;;;privées;Maria Begona Garcia;IPE;;;;;;;;;;;
1369;;1987;06/06/1987;Convolvulus lanuginosus;;ESPAÑA;HUESCA;Camporrells;Monte de los Martires;31TBG94;31TBG9546;;41,93935;0,52711;;;;1000;communication personnelle;P. & G. MONTSERRAT;;IPE JACA;;;;;privées;Maria Begona Garcia;IPE;;;;;;;;;;;
1370;;2001;30/12/1899;Convolvulus lanuginosus;;ESPAÑA;HUESCA;Fonz;Urria;31TBG75;31TBG7753;;41,99745;0,30755;;;;1000;communication personnelle;;;IPE JACA;;;;;privées;Maria Begona Garcia;IPE;;;;;Romerales y pinares de Pinus halepensis.;;;;;;
1371;;2001;30/12/1899;Convolvulus lanuginosus;;ESPAÑA;HUESCA;Fonz;;31TBG75;31TBG7454;;42,00559;0,27098;;;;1000;communication personnelle;;;IPE JACA;;;;;privées;Maria Begona Garcia;IPE;;;;;Yesos.;;;;;;
1372;;1993;15/05/1993;Convolvulus lanuginosus;;ESPAÑA;HUESCA;Fonz;Barranco de las Carboneras;31TBG75;31TBG7754;;42,00644;0,30717;;;;1000;communication personnelle;J.V. FERRANDEZ;;IPE JACA;;;;;privées;Maria Begona Garcia;IPE;;;;;Romeral-tomillar en suelo seco.;;;;;;
1373;;2001;30/12/1899;Convolvulus lanuginosus;;ESPAÑA;HUESCA;Fonz;Valdelamella;31TBG75;31TBG7555;;42,01487;0,28266;;;;1000;communication personnelle;;;IPE JACA;;;;;privées;Maria Begona Garcia;IPE;;;;;Cantera abandonada, rocas calizas.;;;;;;
1374;;2001;30/12/1899;Convolvulus lanuginosus;;ESPAÑA;HUESCA;Fonz;Ojo de la Fuente;31TBG75;31TBG7556;;42,02387;0,28228;;;;1000;communication personnelle;;;IPE JACA;;;;;privées;Maria Begona Garcia;IPE;;;;;Pedregal soleado en calizas.;;;;;;
1375;;2001;30/12/1899;Convolvulus lanuginosus;;ESPAÑA;HUESCA;Fonz;Bajo Santacun;31TBG75;31TBG7557;;42,03286;0,28189;;;;1000;communication personnelle;;;IPE JACA;;;;;privées;Maria Begona Garcia;IPE;;;;;Pedregales calizos soleados en ambiente de pinar de Pinus halepensis c;;;;;;
1376;;2010;19/06/2010;Convolvulus lanuginosus;;ESPAÑA;HUESCA;Bierge;Camino de las Fuentes del Puntillo;30TYM47;30TYM4074;;42,18135;-0,09392;;;;1000;communication personnelle;JOSE VICENTE FERRANDEZ PALACIO;;IPE JACA;;;;;privées;Maria Begona Garcia;IPE;;;;;Coscojar con J. oxycedrus. Exp. W. Pie de los paredones de conglomerad;;;;;;
1377;;1996;12/06/1996;Convolvulus lanuginosus;;ESPAÑA;HUESCA;Naval;Barranco El Mallo;31TBG67;31TBG6975;;42,19305;0,20238;;;;1000;communication personnelle;L.VILLAR, P.MONTSERRAT & J.V.FERRANDEZ;;IPE JACA;;;;;privées;Maria Begona Garcia;IPE;;;;;Laderas secas con madroño.;;;;;;
1;cl10;2014;20140513;Convolvulus lanuginosus;;Espagne;Andalucia;;Alhama de Almeria route…;;;;36,95591;-2,59785;;;;1;donnée inédite;Guillaume Papuga;;;;;;;;;;;;100_500;1000_5000;pelouse à mélange Brachypode et Ammophila;;;;;;
2;cl9;2014;20140508;Convolvulus lanuginosus;;Espagne;Valenciana;;Alcai;;;;38,71985;-0,53925;;;;1;donnée inédite;Guillaume Papuga;;;;;;;;;;;;1000_5000;10000;garrigue à Cistus ladanifer?;;;;;;
3;cl8;2014;20140507;Convolvulus lanuginosus;;Espagne;Valenciana;;Castellonet de la Conqueste;;;;38,90372;-0,25545;;;;1;donnée inédite;Guillaume Papuga;;;;;;;;;;;;100_500;1000_5000;garrigue sur roche avec matoral bas ayant brûlé il y a quelques années;;;;;;
4;cl7;2014;20140506;Convolvulus lanuginosus;;Espagne;Valenciana;;Riba Roja de Turia ligne éléctrique;;;;39,5476;-0,60004;;;;1;donnée inédite;Guillaume Papuga;;;;;;;;;;;;100_500;500_1000;garrigue sur pente rocheuse/éboulis;;;;;;
5;cl6;2014;20140505;Convolvulus lanuginosus;;Espagne;Valenciana;;Serra;;;;39,70866;-0,4279;;;;1;donnée inédite;Guillaume Papuga;;;;;;;;;;;;100_500;1000_5000;forêt sur plantation clairsemée de Pin d'Halep sur le col parallèle 2 collines;;;;;;
6;;2014;20140509;Convolvulus lanuginosus;;Espagne;;;Rute;;;;37,32868;-4,35535;;;;1;donnée inédite;Regina Berjano;;;;;;;;;;;;;;;;;;;;
7;;2016;20160414;Convolvulus lanuginosus;;;;Marbella;;;;;36,533983;-4,877838;;pointage carte;;30;Flickr;;;;;;;;libre;;;;;;;;;;;;;
8;;2016;20160414;Convolvulus lanuginosus;;;Andalucia;;Ermita y Torreón de Cuadros;;;;37,789092;-3,409646;;pointage carte;;30;Flickr;;;;;;;;libre;;;;;;;;;;;;;
9;703008;2010;20100413;Convolvulus lanuginosus;;Spain;ALICANTE;Orihuela;;30SXH71;30SXH7617;;38,08805;-0,99243;;GPS;point GPS;30;import BDD internet;J. Pérez Botella;;biodiversidad_valencia;;;;;libre;;communidad_valenciana;;;;;;;;;;;duplicata point précis Valence, Visto vivo, 
10;702983;2010;20100408;Convolvulus lanuginosus;;Spain;ALICANTE;Crevillent;;30SXH93;30SXH9036;;38,25592;-0,81866;;GPS;point GPS;30;import BDD internet;J. Pérez Botella,R. Carchano Jordá;;biodiversidad_valencia;;;;;libre;;communidad_valenciana;;;;;;;;;;;duplicata point précis Valence, Visto vivo, 
11;797922;2010;20100603;Convolvulus lanuginosus;;Spain;;;La Algüeda;30SXH83;30SXH8236;;38,25813;-0,91721;;GPS;point GPS;30;import BDD internet;J. Pérez Botella;;biodiversidad_valencia;;;;;libre;;communidad_valenciana;;;;;;;;;;;duplicata point précis Valence, Visto vivo, 
12;;2016;20160414;Convolvulus lanuginosus;;;;;Cabezo de Turra, Sierra de la Pila (refuge);;;;38,265854;-1,17875;;pointage carte;;30;Flickr;;;;;;;;libre;;;;;;;;;;;;;
13;333524;2008;20080621;Convolvulus lanuginosus;;Spain;ALICANTE;Benidorm;Parc Natural de la Serra Gelada;30SYH56;30SYH5368;;38,53317;-0,08603;;GPS;point GPS;30;import BDD internet;A. Vicente,E. Lluzar Buigues,J. Güemes Heras,J. L. Villar,J. Riera Vicent,M. B. Crespo Villalba,N. Jover;;biodiversidad_valencia;;;;;libre;;communidad_valenciana;;;;;;;;;;;duplicata point précis Valence, Visto vivo, 
14;331607;2008;20080619;Convolvulus lanuginosus;;Spain;ALICANTE;Benidorm;;30SYH57;30SYH5370;;38,54682;-0,09122;;GPS;point GPS;30;import BDD internet;G. Mateo Sanz,J. Fabado Alós,O. Mayoral García-Berlanga,V. Deltoro Torró;;biodiversidad_valencia;;;;;libre;;communidad_valenciana;;;;;;;;;;;duplicata point précis Valence, Visto vivo, 
15;332743;2008;20080619;Convolvulus lanuginosus;;Spain;ALICANTE;L'Alfàs del Pi;;30SYH57;30SYH5176;;38,60139;-0,11198;;GPS;point GPS;30;import BDD internet;A. Navarro Peris,L. Serra Laliga;;biodiversidad_valencia;;;;;libre;;communidad_valenciana;;;;;;;;;;;duplicata point précis Valence, Visto vivo, 
16;1062273;2011;20110616;Convolvulus lanuginosus;;Spain;ALICANTE;Onil;;30SYH07;30SYH0179;;38,63763;-0,68404;;GPS;point GPS;30;import BDD internet;M. J. Sanchis Carles;;biodiversidad_valencia;;;;;libre;;communidad_valenciana;;;;;;;;;;;duplicata point précis Valence, Visto vivo, 
17;597240;2009;20090620;Convolvulus lanuginosus;;Spain;ALICANTE;Alcoi;;30SYH18;30SYH1682;;38,66463;-0,51164;;GPS;point GPS;30;import BDD internet;M. J. Sanchis Carles;;biodiversidad_valencia;;;;;libre;;communidad_valenciana;;;;;;;;;;;duplicata point précis Valence, Visto vivo, 
18;590355;2009;20090619;Convolvulus lanuginosus;;Spain;ALICANTE;Alcoi;;30SYH18;30SYH1482;;38,66512;-0,53461;;GPS;point GPS;30;import BDD internet;A. M. Ibars Almonacil,M. J. Sanchis Carles,P. Soriano Guarinós;;biodiversidad_valencia;;;;;libre;;communidad_valenciana;;;;;;;;;;;duplicata point précis Valence, Visto vivo, 
19;735690;2010;20100616;Convolvulus lanuginosus;;Spain;ALICANTE;Alcoleja;;30SYH38;30SYH3383;;38,66751;-0,31725;;GPS;point GPS;30;import BDD internet;A. Sebastián de la Cruz,C. Peña Bretón,J. Pérez Botella;;biodiversidad_valencia;;;;;libre;;communidad_valenciana;;;;;;;;;;;duplicata point précis Valence, Visto vivo, Paraje: Barranc de Frainós
20;589835;2009;20090618;Convolvulus lanuginosus;;Spain;ALICANTE;Alcoi;;30SYH18;30SYH1084;;38,68409;-0,57994;;GPS;point GPS;30;import BDD internet;C. Torres Gómez,E. Lluzar Buigues,M. Sánchez;;biodiversidad_valencia;;;;;libre;;communidad_valenciana;;;;;;;;;;;duplicata point précis Valence, Visto vivo, 
21;571640;2008;20080628;Convolvulus lanuginosus;;Spain;VALENCIA;Bocairent;;30SYH08;30SYH0787;;38,71027;-0,6175;;GPS;point GPS;30;import BDD internet;J. E. Oltra Benavent;;biodiversidad_valencia;;;;;libre;;communidad_valenciana;;;;;;;;;;;duplicata point précis Valence, Visto vivo, 
22;601219;2009;20090622;Convolvulus lanuginosus;;Spain;ALICANTE;Alcoi;Parc Natural de la Serra de Mariola;30SYH18;30SYH1287;;38,71095;-0,55104;;GPS;point GPS;30;import BDD internet;A. Dalmau Alcina,B. Mascarós Rosario,I. Balada Mallasen,J. Riera Vicent;;biodiversidad_valencia;;;;;libre;;communidad_valenciana;;;;;;;;;;;duplicata point précis Valence, Visto vivo, 
23;598428;2009;20090621;Convolvulus lanuginosus;;Spain;ALICANTE;Alcoi;Parc Natural de la Serra de Mariola;30SYH18;30SYH1787;;38,71363;-0,50362;;GPS;point GPS;30;import BDD internet;A. Dalmau Alcina,B. Mascarós Rosario,I. Balada Mallasen,J. Riera Vicent;;biodiversidad_valencia;;;;;libre;;communidad_valenciana;;;;;;;;;;;duplicata point précis Valence, Visto vivo, 
24;1050588;2011;20110612;Convolvulus lanuginosus;;Spain;ALICANTE;Alcoi;;30SYH18;30SYH1488;;38,7191;-0,5311;;GPS;point GPS;30;import BDD internet;J. Aragoneses García,M. J. Sanchis Carles;;biodiversidad_valencia;;;;;libre;;communidad_valenciana;;;;;;;;;;;duplicata point précis Valence, Visto vivo, 
25;588956;2009;20090618;Convolvulus lanuginosus;;Spain;ALICANTE;Alcoi;Parc Natural de la Serra de Mariola;30SYH18;30SYH1488;;38,71914;-0,53275;;GPS;point GPS;30;import BDD internet;A. Navarro Peris,J. E. Oltra Benavent,P. Pérez Rovira;;biodiversidad_valencia;;;;;libre;;communidad_valenciana;;;;;;;;;;;duplicata point précis Valence, Visto vivo, 
26;589409;2009;20090618;Convolvulus lanuginosus;;Spain;ALICANTE;Alcoi;;30SYH18;30SYH1388;;38,71938;-0,54424;;GPS;point GPS;30;import BDD internet;A. Navarro Peris,J. E. Oltra Benavent,P. Pérez Rovira;;biodiversidad_valencia;;;;;libre;;communidad_valenciana;;;;;;;;;;;duplicata point précis Valence, Visto vivo, 
27;597480;2009;20090619;Convolvulus lanuginosus;;Spain;VALENCIA;Bocairent;;30SYH18;30SYH1288;;38,71962;-0,55574;;GPS;point GPS;30;import BDD internet;A. Navarro Peris,J. E. Oltra Benavent,J. Pérez Botella,P. Pérez Rovira;;biodiversidad_valencia;;;;;libre;;communidad_valenciana;;;;;;;;;;;duplicata point précis Valence, Visto vivo, 
28;597389;2009;20090619;Convolvulus lanuginosus;;Spain;VALENCIA;Bocairent;;30SYH18;30SYH1188;;38,71986;-0,56723;;GPS;point GPS;30;import BDD internet;A. Navarro Peris,J. E. Oltra Benavent,J. Pérez Botella,P. Pérez Rovira;;biodiversidad_valencia;;;;;libre;;communidad_valenciana;;;;;;;;;;;duplicata point précis Valence, Visto vivo, 
29;599725;2009;20090621;Convolvulus lanuginosus;;Spain;ALICANTE;Alcoi;Parc Natural de la Serra de Mariola;30SYH18;30SYH1889;;38,72574;-0,48424;;GPS;point GPS;30;import BDD internet;A. Dalmau Alcina,B. Mascarós Rosario,I. Balada Mallasen,J. Riera Vicent;;biodiversidad_valencia;;;;;libre;;communidad_valenciana;;;;;;;;;;;duplicata point précis Valence, Visto vivo, 
30;589308;2009;20090619;Convolvulus lanuginosus;;Spain;ALICANTE;Alcoi;;30SYH18;30SYH1489;;38,72815;-0,53244;;GPS;point GPS;30;import BDD internet;S. Fos Martín;;biodiversidad_valencia;;;;;libre;;communidad_valenciana;;;;;;;;;;;duplicata point précis Valence, Visto vivo, 
31;590448;2009;20090618;Convolvulus lanuginosus;;Spain;VALENCIA;Bocairent;;30SYH18;30SYH1389;;38,72839;-0,54394;;GPS;point GPS;30;import BDD internet;A. Navarro Peris,J. E. Oltra Benavent,P. Pérez Rovira;;biodiversidad_valencia;;;;;libre;;communidad_valenciana;;;;;;;;;;;duplicata point précis Valence, Visto vivo, 
32;597523;2009;20090619;Convolvulus lanuginosus;;Spain;VALENCIA;Bocairent;;30SYH18;30SYH1289;;38,72863;-0,55543;;GPS;point GPS;30;import BDD internet;A. Navarro Peris,J. E. Oltra Benavent,J. Pérez Botella,P. Pérez Rovira;;biodiversidad_valencia;;;;;libre;;communidad_valenciana;;;;;;;;;;;duplicata point précis Valence, Visto vivo, 
33;597124;2009;20090619;Convolvulus lanuginosus;;Spain;VALENCIA;Bocairent;;30SYH18;30SYH1189;;38,72887;-0,56692;;GPS;point GPS;30;import BDD internet;A. Navarro Peris,J. E. Oltra Benavent,J. Pérez Botella,P. Pérez Rovira;;biodiversidad_valencia;;;;;libre;;communidad_valenciana;;;;;;;;;;;duplicata point précis Valence, Visto vivo, 
34;703445;2010;20100614;Convolvulus lanuginosus;;Spain;ALICANTE;Villena;Cerro El Rocín;30SXH79;30SXH7893;;38,77466;-0,94616;;GPS;point GPS;30;import BDD internet;A. Navarro Peris,J. E. Oltra Benavent,J. Pérez Botella;;biodiversidad_valencia;;;;;libre;;communidad_valenciana;;;;;;;;;;;duplicata point précis Valence, Visto vivo, 
35;702576;2010;20100622;Convolvulus lanuginosus;;Spain;VALENCIA;Villalonga;;30SYJ30;30SYJ3708;;38,89678;-0,25858;;GPS;point GPS;30;import BDD internet;J. A. Tornero Collados,M. J. Sanchis Carles;;biodiversidad_valencia;;;;;libre;;communidad_valenciana;;;;;;;;;;;duplicata point précis Valence, Visto vivo, 
36;702605;2010;20100622;Convolvulus lanuginosus;;Spain;VALENCIA;Castellonet de la Conquesta;;30SYJ30;30SYJ3709;;38,89826;-0,2617;;GPS;point GPS;30;import BDD internet;J. A. Tornero Collados,M. J. Sanchis Carles;;biodiversidad_valencia;;;;;libre;;communidad_valenciana;;;;;;;;;;;duplicata point précis Valence, Visto vivo, 
37;702564;2010;20100622;Convolvulus lanuginosus;;Spain;VALENCIA;Castellonet de la Conquesta;Camí del Moro;30SYJ30;30SYJ3809;;38,9033;-0,2553;;GPS;point GPS;30;import BDD internet;J. A. Tornero Collados,M. J. Sanchis Carles;;biodiversidad_valencia;;;;;libre;;communidad_valenciana;;;;;;;;;;;duplicata point précis Valence, Visto vivo, 
38;573037;2008;20081107;Convolvulus lanuginosus;;Spain;VALENCIA;Gandia;El Borrell;30SYJ31;30SYJ3619;;38,99029;-0,26951;;GPS;point GPS;30;import BDD internet;A. Navarro Peris,J. E. Oltra Benavent;;biodiversidad_valencia;;;;;libre;;communidad_valenciana;;;;;;;;;;;duplicata point précis Valence, Visto vivo, 
39;1560681;2013;20130620;Convolvulus lanuginosus;;Spain;VALENCIA;Millares;;30SXJ94;30SXJ9245;;39,23518;-0,77174;;GPS;point GPS;30;import BDD internet;J. Ranz Ayuso;;biodiversidad_valencia;;;;;libre;;communidad_valenciana;;;;;;;;;;;duplicata point précis Valence, Visto vivo, Semana Biodiversidad Millares
40;1560586;2013;20130620;Convolvulus lanuginosus;;Spain;VALENCIA;Millares;;30SXJ84;30SXJ8848;;39,26339;-0,81159;;GPS;point GPS;30;import BDD internet;J. Estela Andreu,M. Piera Ortiz,P. Garrido Pascual;;biodiversidad_valencia;;;;;libre;;communidad_valenciana;;;;;;;;;;;duplicata point précis Valence, Visto vivo, 
41;816040;2010;20100921;Convolvulus lanuginosus;;Spain;VALENCIA;Picassent;;30SYJ15;30SYJ1259;;39,3605;-0,53783;;GPS;point GPS;30;import BDD internet;J. E. Oltra Benavent;;biodiversidad_valencia;;;;;libre;;communidad_valenciana;;;;;;;;;;;duplicata point précis Valence, Visto vivo, 
42;1043872;2011;20110425;Convolvulus lanuginosus;;Spain;VALENCIA;Paterna;La Vallesa;30SYJ17;30SYJ1478;;39,52854;-0,50863;;GPS;point GPS;30;import BDD internet;A. Peña Rivera;;biodiversidad_valencia;;;;;libre;;communidad_valenciana;;;;;;;;;;;duplicata point précis Valence, Visto vivo, Lloma Betxí.PN Turia
43;919686;2009;20090429;Convolvulus lanuginosus;;Spain;VALENCIA;Vilamarxant;Les Rodanes;30SYJ07;30SYJ0578;;39,53254;-0,60871;;GPS;point GPS;30;import BDD internet;R. Mulet Blasco;;biodiversidad_valencia;;;;;libre;;communidad_valenciana;;;;;;;;;;;duplicata point précis Valence, Visto vivo, Alt. 251 m
44;919668;2009;20090420;Convolvulus lanuginosus;;Spain;VALENCIA;Vilamarxant;Les Rodanes;30SYJ07;30SYJ0678;;39,53363;-0,60089;;GPS;point GPS;30;import BDD internet;R. Mulet Blasco;;biodiversidad_valencia;;;;;libre;;communidad_valenciana;;;;;;;;;;;duplicata point précis Valence, Visto vivo, Alt. 231 m Roquer
45;919660;2009;20090420;Convolvulus lanuginosus;;Spain;VALENCIA;Vilamarxant;Les Rodanes;30SYJ07;30SYJ0578;;39,53422;-0,60359;;GPS;point GPS;30;import BDD internet;R. Mulet Blasco;;biodiversidad_valencia;;;;;libre;;communidad_valenciana;;;;;;;;;;;duplicata point précis Valence, Visto vivo, Alt. 159 m pdte aprox 12% (Espartal)
46;919674;2009;20090429;Convolvulus lanuginosus;;Spain;VALENCIA;Vilamarxant;Les Rodanes;30SYJ07;30SYJ0578;;39,53527;-0,60917;;GPS;point GPS;30;import BDD internet;R. Mulet Blasco;;biodiversidad_valencia;;;;;libre;;communidad_valenciana;;;;;;;;;;;duplicata point précis Valence, Visto vivo, 
47;919702;2009;20090610;Convolvulus lanuginosus;;Spain;VALENCIA;Vilamarxant;Les Rodanes;30SYJ07;30SYJ0579;;39,53745;-0,60739;;GPS;point GPS;30;import BDD internet;R. Mulet Blasco;;biodiversidad_valencia;;;;;libre;;communidad_valenciana;;;;;;;;;;;duplicata point précis Valence, Visto vivo, Alt. 237 m
48;919673;2009;20090424;Convolvulus lanuginosus;;Spain;VALENCIA;Vilamarxant;Les Rodanes;30SYJ07;30SYJ0479;;39,5391;-0,62432;;GPS;point GPS;30;import BDD internet;R. Mulet Blasco;;biodiversidad_valencia;;;;;libre;;communidad_valenciana;;;;;;;;;;;duplicata point précis Valence, Visto vivo, Alt. 258 m Pdte aprox. 50% Orientación NW
49;919656;2009;20090414;Convolvulus lanuginosus;;Spain;VALENCIA;Vilamarxant;Les Rodanes;30SYJ07;30SYJ0279;;39,54065;-0,63786;;GPS;point GPS;30;import BDD internet;R. Mulet Blasco;;biodiversidad_valencia;;;;;libre;;communidad_valenciana;;;;;;;;;;;duplicata point précis Valence, Visto vivo, Alt. 163 m Pdte aprox. 8% Orientación NE
50;919717;2009;20090614;Convolvulus lanuginosus;;Spain;VALENCIA;Vilamarxant;Les Rodanes;30SYJ07;30SYJ0279;;39,54117;-0,64058;;GPS;point GPS;30;import BDD internet;R. Mulet Blasco;;biodiversidad_valencia;;;;;libre;;communidad_valenciana;;;;;;;;;;;duplicata point précis Valence, Visto vivo, 
51;692911;2010;20100618;Convolvulus lanuginosus;;Spain;VALENCIA;Villargordo del Cabriel;;30SXJ37;30SXJ3378;;39,54414;-1,45043;;GPS;point GPS;30;import BDD internet;F. Martínez Pardo,J. X. Soler Marí,X. Font Castell;;biodiversidad_valencia;;;;;libre;;communidad_valenciana;;;;;;;;;;;duplicata point précis Valence, Visto vivo, 
52;774339;2010;20100603;Convolvulus lanuginosus;;Spain;VALENCIA;Paterna;Barranc Fondo;30SYJ18;30SYJ1380;;39,54746;-0,51014;;GPS;point GPS;30;import BDD internet;P. P. Ferrer Gallego,S. Fos Martín;;biodiversidad_valencia;;;;;libre;;communidad_valenciana;;;;;;;;;;;duplicata point précis Valence, Visto vivo, 
53;774405;2010;20100603;Convolvulus lanuginosus;;Spain;VALENCIA;Paterna;Barranc Fondo;30SYJ18;30SYJ1480;;39,54814;-0,50901;;GPS;point GPS;30;import BDD internet;P. P. Ferrer Gallego,S. Fos Martín;;biodiversidad_valencia;;;;;libre;;communidad_valenciana;;;;;;;;;;;duplicata point précis Valence, Visto vivo, 
54;919715;2009;20090612;Convolvulus lanuginosus;;Spain;VALENCIA;Vilamarxant;Les Rodanes;30SYJ08;30SYJ0680;;39,54971;-0,60005;;GPS;point GPS;30;import BDD internet;R. Mulet Blasco;;biodiversidad_valencia;;;;;libre;;communidad_valenciana;;;;;;;;;;;duplicata point précis Valence, Visto vivo, Alt. 190 m
55;919704;2009;20090612;Convolvulus lanuginosus;;Spain;VALENCIA;Vilamarxant;Les Rodanes;30SYJ08;30SYJ0680;;39,55033;-0,60071;;GPS;point GPS;30;import BDD internet;R. Mulet Blasco;;biodiversidad_valencia;;;;;libre;;communidad_valenciana;;;;;;;;;;;duplicata point précis Valence, Visto vivo, Alt. 174 m (Antiga trinxera)
56;919691;2009;20090609;Convolvulus lanuginosus;;Spain;VALENCIA;Vilamarxant;Les Rodanes;30SYJ08;30SYJ0480;;39,55047;-0,62142;;GPS;point GPS;30;import BDD internet;R. Mulet Blasco;;biodiversidad_valencia;;;;;libre;;communidad_valenciana;;;;;;;;;;;duplicata point précis Valence, Visto vivo, Alt. 180 m
57;919692;2009;20090609;Convolvulus lanuginosus;;Spain;VALENCIA;Vilamarxant;Les Rodanes;30SYJ08;30SYJ0480;;39,55049;-0,61884;;GPS;point GPS;30;import BDD internet;R. Mulet Blasco;;biodiversidad_valencia;;;;;libre;;communidad_valenciana;;;;;;;;;;;duplicata point précis Valence, Visto vivo, Alt. 237 m (Pico Rodana blanca)
58;919701;2009;20090609;Convolvulus lanuginosus;;Spain;VALENCIA;Vilamarxant;Les Rodanes;30SYJ08;30SYJ0480;;39,551;-0,61898;;GPS;point GPS;30;import BDD internet;R. Mulet Blasco;;biodiversidad_valencia;;;;;libre;;communidad_valenciana;;;;;;;;;;;duplicata point précis Valence, Visto vivo, Alt. 208 m
59;663397;2010;20100317;Convolvulus lanuginosus;;Spain;VALENCIA;Bugarra;;30SXJ99;30SXJ9190;;39,63986;-0,7679;;GPS;point GPS;30;import BDD internet;A. Navarro Peris,J. E. Oltra Benavent;;biodiversidad_valencia;;;;;libre;;communidad_valenciana;;;;;;;;;;;duplicata point précis Valence, Visto vivo, 
60;465986;2008;20080918;Convolvulus lanuginosus;;Spain;VALENCIA;Serra;Parc Natural de la Serra Calderona;30SYJ19;30SYJ1593;;39,66441;-0,48486;;GPS;point GPS;30;import BDD internet;N. Fabuel Ten,S. Fos Martín,V. Deltoro Torró;;biodiversidad_valencia;;;;;libre;;communidad_valenciana;;;;;;;;;;;duplicata point précis Valence, Visto vivo, 
61;278493;2006;20060621;Convolvulus lanuginosus;;Spain;VALENCIA;Segart;;30SYJ29;30SYJ2496;;39,68493;-0,38789;;GPS;point GPS;30;import BDD internet;S. Fos Martín,V. Deltoro Torró;;biodiversidad_valencia;;;;;libre;;communidad_valenciana;;;;;;;;;;;duplicata point précis Valence, Visto vivo, 
62;278489;2006;20060720;Convolvulus lanuginosus;;Spain;VALENCIA;Serra;L'Ombria;30SYJ29;30SYJ2196;;39,69272;-0,41168;;GPS;point GPS;30;import BDD internet;S. Fos Martín,V. Deltoro Torró;;biodiversidad_valencia;;;;;libre;;communidad_valenciana;;;;;;;;;;;duplicata point précis Valence, Visto vivo, 
63;278491;2006;20060907;Convolvulus lanuginosus;;Spain;VALENCIA;Serra;Pico de rebalsadores;30SYJ19;30SYJ1897;;39,70036;-0,44855;;GPS;point GPS;30;import BDD internet;S. Fos Martín,V. Deltoro Torró;;biodiversidad_valencia;;;;;libre;;communidad_valenciana;;;;;;;;;;;duplicata point précis Valence, Visto vivo, 
64;278490;2006;20060907;Convolvulus lanuginosus;;Spain;VALENCIA;Serra;Pico Cierro;30SYJ29;30SYJ2098;;39,70595;-0,42468;;GPS;point GPS;30;import BDD internet;S. Fos Martín,V. Deltoro Torró;;biodiversidad_valencia;;;;;libre;;communidad_valenciana;;;;;;;;;;;duplicata point précis Valence, Visto vivo, 
65;278487;2006;20060706;Convolvulus lanuginosus;;Spain;VALENCIA;Serra;Collado de la vinya;30SYJ29;30SYJ2298;;39,70717;-0,41016;;GPS;point GPS;30;import BDD internet;S. Fos Martín,V. Deltoro Torró;;biodiversidad_valencia;;;;;libre;;communidad_valenciana;;;;;;;;;;;duplicata point précis Valence, Visto vivo, 
66;278492;2006;20060907;Convolvulus lanuginosus;;Spain;VALENCIA;Serra;Pico de rebalsadores;30SYJ19;30SYJ1798;;39,70828;-0,4585;;GPS;point GPS;30;import BDD internet;S. Fos Martín,V. Deltoro Torró;;biodiversidad_valencia;;;;;libre;;communidad_valenciana;;;;;;;;;;;duplicata point précis Valence, Visto vivo, 
67;278488;2006;20060907;Convolvulus lanuginosus;;Spain;VALENCIA;Serra;Fuente Mugrón;30SYJ29;30SYJ2098;;39,70948;-0,42734;;GPS;point GPS;30;import BDD internet;S. Fos Martín,V. Deltoro Torró;;biodiversidad_valencia;;;;;libre;;communidad_valenciana;;;;;;;;;;;duplicata point précis Valence, Visto vivo, 
68;655616;2009;20090602;Convolvulus lanuginosus;;Spain;VALENCIA;Serra;Font del Llentiscle;30SYJ19;30SYJ1798;;39,71214;-0,45867;;GPS;point GPS;30;import BDD internet;R. Fernández Bonilla;;biodiversidad_valencia;;;;;libre;;communidad_valenciana;;;;;;;;;;;duplicata point précis Valence, Visto vivo, 
69;278494;2006;20060907;Convolvulus lanuginosus;;Spain;VALENCIA;Serra;;30SYJ19;30SYJ1899;;39,71448;-0,45438;;GPS;point GPS;30;import BDD internet;S. Fos Martín,V. Deltoro Torró;;biodiversidad_valencia;;;;;libre;;communidad_valenciana;;;;;;;;;;;duplicata point précis Valence, Visto vivo, 
70;1236049;2011;20110412;Convolvulus lanuginosus;;Spain;CASTELLON;Sant Mateu;La Pedrera;31TBE68;31TBE6381;;40,44716;0,20735;;GPS;point GPS;30;import BDD internet;M. Agueras Moreno;;biodiversidad_valencia;;;;;libre;;communidad_valenciana;;;;;;;;;;;duplicata point précis Valence, Visto vivo, 
74;;2016;20160414;Convolvulus lanuginosus;;;Andalucia;Maro, Nerja;Along path that continues up from the Nacimiento, under motorway (Senda 65 del Nacimiento de Maro al Cortijo de laCivila) ;;;;36,76305;-3,834164;;pointage carte;;100;Flickr;;;;;;;;libre;;;;;;;;;;;;;
81;;2016;20160414;Convolvulus lanuginosus;;;;Tarragone;Pont del Diable/aqueduc;;;;41,145712;1,243933;;pointage carte;;100;Flickr;;;;;;;;libre;;;;;;;;;;;;;
82;;2016;20160414;Convolvulus lanuginosus;;;Catalogne;;;;;;41,435031;1,591022;;pointage carte;;100;Flickr;;;;;;;;libre;;;;;;;;;;;;;
83;;2016;20160414;Convolvulus lanuginosus;;;;;;;;;41,44394;1,620062;;pointage carte;;100;Flickr;;;;;;;;libre;;;;;;;;;;;;;
84;;2016;20160414;Convolvulus lanuginosus;;;;;;;;;41,453818;1,618488;;pointage carte;;100;Flickr;;;;;;;;libre;;;;;;;;;;;;;
