id,observed_on_string,observed_on,time_observed_at,time_zone,user_id,user_login,created_at,updated_at,quality_grade,license,url,image_url,sound_url,tag_list,description,num_identification_agreements,num_identification_disagreements,captive_cultivated,oauth_application_id,place_guess,latitude,longitude,positional_accuracy,private_place_guess,private_latitude,private_longitude,public_positional_accuracy,geoprivacy,taxon_geoprivacy,coordinates_obscured,positioning_method,positioning_device,place_town_name,place_county_name,place_state_name,place_country_name,place_admin1_name,place_admin2_name,species_guess,scientific_name,common_name,iconic_taxon_name,taxon_id
269686,2013-05-16 16:10:55,2013-05-16,2013-05-16 14:10:55 UTC,Copenhagen,4859,dhobern,2013-05-16 22:05:12 UTC,2022-07-26 14:19:44 UTC,research,CC0,http://www.inaturalist.org/observations/269686,https://inaturalist-open-data.s3.amazonaws.com/photos/333647/medium.jpg,,"","Pont del Diable, Tarragona, Spain, 16 May 2013",2,0,false,,"Constantí, Catalonia, Spain",41.145634,1.243901,,,,,,,,false,,,,,Cataluña,Spain,Cataluña,Tarragona,Convolvulus lanuginosus,Convolvulus lanuginosus,Liseron duveté,Plantae,324313
1439373,2015-04-29,2015-04-29,,UTC,3462,liesvanrompaey,2015-04-30 11:02:47 UTC,2022-07-26 14:19:38 UTC,research,CC-BY,http://www.inaturalist.org/observations/1439373,https://inaturalist-open-data.s3.amazonaws.com/photos/1781443/medium.JPG,,"","",2,0,false,,"Frigiliana, Andalusia, Spain, Europe",36.771566,-3.887304,,,,,,,,false,,,,,Andalucía,Spain,Andalucía,Málaga,Convolvulus lanuginosus,Convolvulus lanuginosus,Liseron duveté,Plantae,324313
5526056,2017-04-01 12:42:16 p.m. CEST,2017-04-01,2017-04-01 10:42:16 UTC,Paris,38832,kongost,2017-04-01 10:43:17 UTC,2022-07-26 14:19:31 UTC,research,CC-BY-NC,https://www.inaturalist.org/observations/5526056,https://inaturalist-open-data.s3.amazonaws.com/photos/6817820/medium.jpeg,,"",,3,0,false,2,12004 Castelló de la Plana Castelló,40.0401013738,0.0068674132,8,,,,8,,,false,,,,,Comunidad Valenciana,Spain,Comunidad Valenciana,Castellón,Liseron duveté,Convolvulus lanuginosus,Liseron duveté,Plantae,324313
5854091,Wed Apr 19 2017 16:38:39 GMT+0200 (GMT+2),2017-04-19,2017-04-19 14:38:39 UTC,Pretoria,185971,murielbendel,2017-04-19 16:22:20 UTC,2022-07-26 14:19:23 UTC,research,CC-BY-SA,https://www.inaturalist.org/observations/5854091,https://inaturalist-open-data.s3.amazonaws.com/photos/7287272/medium.jpg,,"",,2,0,false,3,"43514, Mas de Barberans, Katalonien, ES",40.7175225861,0.3532512436,218,,,,218,,,false,,,,,Cataluña,Spain,Cataluña,Tarragona,Convolvulus lanuginosus,Convolvulus lanuginosus,Liseron duveté,Plantae,324313
6020568,2017-04-30 1:09:22 p.m. CEST,2017-04-30,2017-04-30 11:09:22 UTC,Paris,38832,kongost,2017-04-30 11:10:19 UTC,2022-07-26 14:19:18 UTC,research,CC-BY-NC,https://www.inaturalist.org/observations/6020568,https://inaturalist-open-data.s3.amazonaws.com/photos/7534497/medium.jpeg,,"",,3,0,false,2,12004 Castelló de la Plana Castelló,40.0416990447,0.0014829881,6,,,,6,,,false,,,,,Comunidad Valenciana,Spain,Comunidad Valenciana,Castellón,Convolvulus lanuginosus,Convolvulus lanuginosus,Liseron duveté,Plantae,324313
14860799,2013-06-19,2013-06-19,,Lisbon,682977,francisco100,2018-07-29 01:15:19 UTC,2022-07-26 14:19:08 UTC,research,,https://www.inaturalist.org/observations/14860799,https://static.inaturalist.org/photos/22184686/medium.jpeg,,"","",2,0,false,,Spain - Albacete,38.3979972652,-1.5869591385,10,,,,10,,,false,,,,,Castilla-La Mancha,Spain,Castilla-La Mancha,Albacete,Convolvulus lanuginosus,Convolvulus lanuginosus,Liseron duveté,Plantae,324313
19567424,2016/04/29 12:28 PM CEST,2016-04-29,2016-04-29 10:28:00 UTC,Paris,1167914,guillaume_papuga,2019-01-11 07:56:52 UTC,2019-11-24 21:59:45 UTC,research,CC-BY-NC,https://www.inaturalist.org/observations/19567424,https://inaturalist-open-data.s3.amazonaws.com/photos/30119757/medium.jpeg,,"",,1,0,false,,"Province de Huesca, Espagne",41.88311,0.57608,20,,,,20,,,false,,,,,Aragón,Spain,Aragón,Huesca,Convolvulus lanuginosus,Convolvulus lanuginosus,Liseron duveté,Plantae,324313
25793375,2019/04/07 1:18 PM CEST,2019-04-07,2019-04-07 11:18:00 UTC,Berlin,1374169,felix_riegel,2019-05-26 08:30:25 UTC,2022-07-26 14:19:02 UTC,research,CC-BY-NC,https://www.inaturalist.org/observations/25793375,https://inaturalist-open-data.s3.amazonaws.com/photos/39989587/medium.jpeg,,Convolvulus lanuginosus,,2,0,false,,"Marbella, Provinz Málaga, Spanien",36.53875155,-4.8830726901,,,,,,,,false,,,,,Andalucía,Spain,Andalucía,Málaga,Convolvulus lanuginosus,Convolvulus lanuginosus,Liseron duveté,Plantae,324313
27202258,Tue Jun 18 2019 12:08:38 GMT+0200 (GMT+2),2019-06-18,2019-06-18 08:08:38 UTC,Pretoria,1874747,jose_antoniot,2019-06-18 10:09:04 UTC,2022-07-26 14:18:58 UTC,research,CC-BY-NC,https://www.inaturalist.org/observations/27202258,https://inaturalist-open-data.s3.amazonaws.com/photos/42300322/medium.jpg,,"",,3,0,false,3,"Autovía Mudéjar, Jérica, Comunidad Valenciana, ES",39.8859445115,-0.5427922587,5,,,,5,,,false,,,,,Comunidad Valenciana,Spain,Comunidad Valenciana,Castellón,Liseron duveté,Convolvulus lanuginosus,Liseron duveté,Plantae,324313
27202347,Tue Jun 18 2019 12:11:01 GMT+0200 (GMT+2),2019-06-18,2019-06-18 08:11:01 UTC,Pretoria,1874747,jose_antoniot,2019-06-18 10:13:18 UTC,2022-07-26 14:18:55 UTC,research,CC-BY-NC,https://www.inaturalist.org/observations/27202347,https://inaturalist-open-data.s3.amazonaws.com/photos/42300479/medium.jpg,,"",,3,0,false,3,"Autovía Mudéjar, Jérica, Comunidad Valenciana, ES",39.8859233199,-0.542806845,6,,,,6,,,false,,,,,Comunidad Valenciana,Spain,Comunidad Valenciana,Castellón,Liseron duveté,Convolvulus lanuginosus,Liseron duveté,Plantae,324313
31655773,2019/04/09 2:29 PM CEST,2019-04-09,2019-04-09 12:29:00 UTC,Berlin,1374169,felix_riegel,2019-08-28 05:46:52 UTC,2022-07-26 14:18:46 UTC,research,CC-BY-NC,https://www.inaturalist.org/observations/31655773,https://inaturalist-open-data.s3.amazonaws.com/photos/49564373/medium.jpeg,,Convolvulus lanuginosus,Sierra de Mijas,2,0,false,,"Málaga, Andalucía, Spain",36.60272679,-4.66027387,,,,,,,,false,,,,,Andalucía,Spain,Andalucía,Málaga,Convolvulus lanuginosus,Convolvulus lanuginosus,Liseron duveté,Plantae,324313
35240547,2019/04/06 1:35 PM CEST,2019-04-06,2019-04-06 11:35:00 UTC,Berlin,1374169,felix_riegel,2019-11-03 15:58:41 UTC,2022-07-26 14:18:32 UTC,research,CC-BY-NC,https://www.inaturalist.org/observations/35240547,https://inaturalist-open-data.s3.amazonaws.com/photos/55548256/medium.jpeg,,Convolvulus lanuginosus,"",2,0,false,,"Málaga, Andalucía, Spain",36.59070196,-4.88349369,,,,,,,,false,,"",,,Andalucía,Spain,Andalucía,Málaga,Convolvulus lanuginosus,Convolvulus lanuginosus,Liseron duveté,Plantae,324313
36625801,1998/04/15 9:47 PM CEST,1998-04-15,1998-04-15 19:47:00 UTC,Paris,1978464,angel_fernandez_cancio,2019-12-13 21:04:40 UTC,2022-06-06 03:16:01 UTC,research,CC-BY-NC,https://www.inaturalist.org/observations/36625801,https://inaturalist-open-data.s3.amazonaws.com/photos/57918595/medium.jpg,,"","",2,0,false,," Zona de Agramón, Albacete  , España",38.4382221544,-1.6629414255,8,,,,8,,,false,,"",,,Castilla-La Mancha,Spain,Castilla-La Mancha,Albacete,Liseron duveté,Convolvulus lanuginosus,Liseron duveté,Plantae,324313
37840471,2014/05/03 10:06 AM CEST,2014-05-03,2014-05-03 08:06:00 UTC,Prague,2273806,fraple,2020-01-22 09:09:09 UTC,2022-07-26 14:18:27 UTC,research,CC-BY-NC,https://www.inaturalist.org/observations/37840471,https://inaturalist-open-data.s3.amazonaws.com/photos/60066475/medium.jpeg,,Botanika,"",2,0,false,,"Provincie Málaga, Španělsko",36.6037655556,-4.6334252778,,,,,,,,false,,,,,Andalucía,Spain,Andalucía,Málaga,Convolvulus lanuginosus,Convolvulus lanuginosus,Liseron duveté,Plantae,324313
38876435,2014/05/05 1:30 PM CEST,2014-05-05,2014-05-05 11:30:00 UTC,Prague,2273806,fraple,2020-02-20 07:22:42 UTC,2022-07-26 14:18:21 UTC,research,CC-BY-NC,https://www.inaturalist.org/observations/38876435,https://inaturalist-open-data.s3.amazonaws.com/photos/61823077/medium.jpeg,,Botanika,"",3,0,false,,"Provincie Málaga, Španělsko",36.6179058333,-4.5640433333,,,,,,,,false,,,,,Andalucía,Spain,Andalucía,Málaga,Convolvulus lanuginosus,Convolvulus lanuginosus,Liseron duveté,Plantae,324313
39044166,2020-02-22 2:51:48 PM GMT+01:00,2020-02-22,2020-02-22 13:51:48 UTC,Paris,1167914,guillaume_papuga,2020-02-22 13:52:24 UTC,2022-06-06 03:18:41 UTC,research,CC-BY-NC,https://www.inaturalist.org/observations/39044166,https://inaturalist-open-data.s3.amazonaws.com/photos/61950697/medium.jpeg,,"",,1,0,false,2,"11480 La Palme, France",42.98061392,3.0057904,4,,,,4,,,false,,,,Aude,,France,Languedoc-Roussillon,Aude,Liseron duveté,Convolvulus lanuginosus,Liseron duveté,Plantae,324313
39409584,2005/05/11 7:35 PM CEST,2005-05-11,2005-05-11 17:35:00 UTC,Paris,1978464,angel_fernandez_cancio,2020-03-01 17:30:54 UTC,2022-07-26 14:18:15 UTC,research,CC-BY-NC,https://www.inaturalist.org/observations/39409584,https://inaturalist-open-data.s3.amazonaws.com/photos/62518892/medium.jpg,,"",,2,0,false,,"Sierra de los Filabres, Almería, Andalucía, España",37.1213512092,-2.5213623047,,,,,,,,false,,,,,Andalucía,Spain,Andalucía,Almería,Convolvulus lanuginosus,Convolvulus lanuginosus,Liseron duveté,Plantae,324313
46141496,2020/05/16 10:00 AM BST,2020-05-16,2020-05-16 09:00:00 UTC,London,175009,jujurenoult,2020-05-16 20:57:15 UTC,2022-07-26 14:18:08 UTC,research,CC0,https://www.inaturalist.org/observations/46141496,https://inaturalist-open-data.s3.amazonaws.com/photos/73180970/medium.jpeg,,"",,2,0,false,,"Leucate, France",42.9094444444,3.0555555556,,,,,,,,false,,,,Aude,,France,Languedoc-Roussillon,Aude,Convolvulus lanuginosus,Convolvulus lanuginosus,Liseron duveté,Plantae,324313
49001415,2020-06-09 11:15:47 AM GMT+02:00,2020-06-09,2020-06-09 09:15:47 UTC,Pretoria,1566581,louisclouet,2020-06-09 09:17:49 UTC,2022-07-26 14:20:16 UTC,research,CC-BY-NC-ND,https://www.inaturalist.org/observations/49001415,https://static.inaturalist.org/photos/77777556/medium.jpeg,,"",,2,0,false,2,"Bouches-du-Rhône, Provence-Alpes-Côte d'Azur, FR",43.2724409754,5.3019602732,10,,,,27505,obscured,,true,,,,Bouches-Du-Rhône,Provence-Alpes-Côte-d'Azur,France,Provence-Alpes-Côte d'Azur,Bouches-du-Rhône,Convolvulus lanuginosus,Convolvulus lanuginosus,Liseron duveté,Plantae,324313
49139432,2020/06/09 10:57 AM CEST,2020-06-09,2020-06-09 08:57:00 UTC,Paris,1566581,louisclouet,2020-06-10 17:09:42 UTC,2022-07-26 14:17:50 UTC,research,CC-BY-NC-ND,https://www.inaturalist.org/observations/49139432,https://static.inaturalist.org/photos/77993588/medium.jpeg,,"","",2,0,false,,"Ensuès-la-Redonne, France",43.3318528146,5.2080039846,135,,,,135,,,false,,,,Bouches-Du-Rhône,Provence-Alpes-Côte-d'Azur,France,Provence-Alpes-Côte d'Azur,Bouches-du-Rhône,Convolvulus lanuginosus,Convolvulus lanuginosus,Liseron duveté,Plantae,324313
50536694,2020/05/17 12:22 PM CEST,2020-05-17,2020-05-17 10:22:00 UTC,Paris,2956728,djhird,2020-06-22 11:28:43 UTC,2022-07-26 14:17:46 UTC,research,CC-BY-NC,https://www.inaturalist.org/observations/50536694,https://inaturalist-open-data.s3.amazonaws.com/photos/80246365/medium.jpg,,"2020, Andalucía, Campanilla Lanuda, Convolvulaceae, Convolvulus lanuginosus, Fluffy Bindweed, May, Málaga, Sierra de Mijas - Higueron, Solanales, Spain","Fluffy Bindweed (Convolvulus lanuginosus); Sierra de Mijas - Higueron, Málaga, Andalucí­a, Spain.",2,0,false,,"Málaga, Spain",36.5878483333,-4.5930416667,,,,,,,,false,,,,,Andalucía,Spain,Andalucía,Málaga,Convolvulus lanuginosus,Convolvulus lanuginosus,Liseron duveté,Plantae,324313
50562152,2020/05/15 10:34 AM CEST,2020-05-15,2020-05-15 08:34:00 UTC,Paris,2956728,djhird,2020-06-22 16:05:39 UTC,2022-07-26 14:17:41 UTC,research,CC-BY-NC,https://www.inaturalist.org/observations/50562152,https://inaturalist-open-data.s3.amazonaws.com/photos/80287545/medium.jpg,,"2020, Andalucía, Campanilla Lanuda, Convolvulaceae, Convolvulus lanuginosus, Fluffy Bindweed, May, Málaga, Sierra de Mijas - Higueron, Solanales, Spain","Fluffy Bindweed Convolvulus lanuginosus); Sierra de Mijas - Higueron, Málaga, Andalucía, Spain.",2,0,false,,"Málaga, Spain",36.5886116667,-4.5922216667,,,,,,,,false,,,,,Andalucía,Spain,Andalucía,Málaga,Convolvulus lanuginosus,Convolvulus lanuginosus,Liseron duveté,Plantae,324313
50752132,2020/05/13 10:02 AM CEST,2020-05-13,2020-05-13 08:02:00 UTC,Paris,2956728,djhird,2020-06-24 08:14:24 UTC,2022-07-26 14:17:35 UTC,research,CC-BY-NC,https://www.inaturalist.org/observations/50752132,https://inaturalist-open-data.s3.amazonaws.com/photos/80610399/medium.jpg,,"campanilla lanuda, Fluffy Bindweed, Convolvulus lanuginosus, Convolvulaceae, Sonales, spain, Sierra de Mijas - Higueron, Málaga, May, Andalucía, 2020","Sierra de Mijas - Higueron, Málaga, Andalucía, Spain.",2,0,false,,"Málaga, Spain",36.5879216667,-4.5947033333,,,,,,,,false,,,,,Andalucía,Spain,Andalucía,Málaga,Convolvulus lanuginosus,Convolvulus lanuginosus,Liseron duveté,Plantae,324313
55581502,2020/06/09 10:07 AM CEST,2020-06-09,2020-06-09 08:07:00 UTC,Paris,1167914,guillaume_papuga,2020-08-06 09:49:53 UTC,2020-08-25 16:20:44 UTC,research,CC-BY-NC,https://www.inaturalist.org/observations/55581502,https://inaturalist-open-data.s3.amazonaws.com/photos/88386017/medium.jpeg,,"",,2,0,false,,"Ensuès-la-Redonne, France",43.3310547549,5.2085822415,22,,,,22,,,false,,,,Bouches-Du-Rhône,Provence-Alpes-Côte-d'Azur,France,Provence-Alpes-Côte d'Azur,Bouches-du-Rhône,Liseron duveté,Convolvulus lanuginosus,Liseron duveté,Plantae,324313
66377958,2019/04/15 10:04 AM CEST,2019-04-15,2019-04-15 08:04:00 UTC,Madrid,39349,cristobaljj,2020-12-10 16:26:09 UTC,2022-07-26 14:17:16 UTC,research,CC-BY,https://www.inaturalist.org/observations/66377958,https://inaturalist-open-data.s3.amazonaws.com/photos/106992880/medium.jpeg,,"","",2,0,false,,"Tarragona, España",40.6229182416,0.5419626668,3906,,,,3906,,,false,,,,,Cataluña,Spain,Cataluña,Tarragona,Liseron duveté,Convolvulus lanuginosus,Liseron duveté,Plantae,324313
66620439,2020/05/13 11:40 AM CEST,2020-05-13,2020-05-13 09:40:00 UTC,Paris,2956728,djhird,2020-12-15 18:10:16 UTC,2022-07-26 14:17:09 UTC,research,CC-BY-NC,https://www.inaturalist.org/observations/66620439,https://inaturalist-open-data.s3.amazonaws.com/photos/107437173/medium.jpg,,"2020, Andalucía, Convolvulaceae, Convolvulus lanuginosus, Fluffy Bindweed, May, Málaga, Sierra de Mijas - Higueron, Solanales, Spain, campanilla lanuda","Fluffy Bindweed (Convolvulus lanuginosus); Sierra de Mijas - Higueron, MÃ¡laga, AndalucÃ­a, Spain.",2,0,false,,"Málaga, Spain",36.587922,-4.594703,,,,,,,,false,,,,,Andalucía,Spain,Andalucía,Málaga,Convolvulus lanuginosus,Convolvulus lanuginosus,Liseron duveté,Plantae,324313
68555147,2017/05/05 7:04 PM CEST,2017-05-05,2017-05-05 17:04:00 UTC,Paris,3771288,faluke,2021-01-24 18:05:42 UTC,2022-07-26 14:16:59 UTC,research,CC-BY-NC,https://www.inaturalist.org/observations/68555147,https://inaturalist-open-data.s3.amazonaws.com/photos/111037308/medium.jpg,,"",,2,0,false,,"Almería, España",36.8975816544,-2.6095177365,61,,,,61,,,false,,,,,Andalucía,Spain,Andalucía,Almería,Convolvulus lanuginosus,Convolvulus lanuginosus,Liseron duveté,Plantae,324313
70635563,2015/05/04 12:33 PM CEST,2015-05-04,2015-05-04 10:33:00 UTC,Paris,3393488,emilio2020,2021-03-06 00:16:20 UTC,2022-07-26 14:16:52 UTC,research,,https://www.inaturalist.org/observations/70635563,https://inaturalist-open-data.s3.amazonaws.com/photos/114867408/medium.jpg,,"",,2,0,false,,"Murcia, ES-MU, ES",37.8355938598,-1.0583357819,,,,,28329,obscured,,true,,,,,Región de Murcia,Spain,Región de Murcia,Murcia,Convolvulus lanuginosus,Convolvulus lanuginosus,Liseron duveté,Plantae,324313
72719257,2021-04-01,2021-04-01,,Paris,3771288,faluke,2021-04-02 20:52:21 UTC,2022-07-26 14:10:53 UTC,research,CC-BY-NC,https://www.inaturalist.org/observations/72719257,https://inaturalist-open-data.s3.amazonaws.com/photos/118610769/medium.jpeg,,"","",1,0,false,,"Almería, ES-AN, ES",36.895997,-2.918252,13,,,,13,,,false,,,,,Andalucía,Spain,Andalucía,Almería,Liseron duveté,Convolvulus lanuginosus,Liseron duveté,Plantae,324313
72897434,2021-04-04 11:11:05 AM GMT+02:00,2021-04-04,2021-04-04 09:11:05 UTC,Pretoria,2613368,bioinigo,2021-04-04 15:25:44 UTC,2022-07-26 14:16:44 UTC,research,CC-BY-NC,https://www.inaturalist.org/observations/72897434,https://inaturalist-open-data.s3.amazonaws.com/photos/118937855/medium.jpeg,,"","",2,0,false,2,"Cádiz, ES-AN, ES",36.54021621,-5.65687368,3,,,,3,,,false,,,,,Andalucía,Spain,Andalucía,Cádiz,Convolvulus lanuginosus,Convolvulus lanuginosus,Liseron duveté,Plantae,324313
73930538,2021-04-14 12:22:11,2021-04-14,2021-04-14 10:22:11 UTC,Madrid,336450,rogervila,2021-04-14 11:43:53 UTC,2022-07-26 14:16:30 UTC,research,CC-BY,https://www.inaturalist.org/observations/73930538,https://inaturalist-open-data.s3.amazonaws.com/photos/120795928/medium.jpeg,,"",,2,0,false,2,"Tarragona, ES-CT, ES",40.9588364441,0.5731381103,8,,,,8,,,false,,,,,Cataluña,Spain,Cataluña,Tarragona,Convolvulus lanuginosus,Convolvulus lanuginosus,Liseron duveté,Plantae,324313
73967519,2021-04-14 17:37:11,2021-04-14,2021-04-14 15:37:11 UTC,Rome,30467,mattiamenchetti,2021-04-14 19:00:42 UTC,2022-07-26 14:16:22 UTC,research,CC-BY,https://www.inaturalist.org/observations/73967519,https://inaturalist-open-data.s3.amazonaws.com/photos/120833472/medium.jpeg,,"",,3,0,false,2,"El Pinell de Brai, 43594, Tarragona, Spain",41.0389317109,0.4888472198,16,,,,16,,,false,,,,,Cataluña,Spain,Cataluña,Tarragona,Liseron duveté,Convolvulus lanuginosus,Liseron duveté,Plantae,324313
74296202,2021-04-17 6:08:39 PM GMT+02:00,2021-04-17,2021-04-17 16:08:39 UTC,Pretoria,3131454,aggranada,2021-04-17 21:52:52 UTC,2022-07-26 14:16:12 UTC,research,CC-BY-NC,https://www.inaturalist.org/observations/74296202,https://inaturalist-open-data.s3.amazonaws.com/photos/121408021/medium.jpeg,,"",,2,0,false,2,"Granada, ES-AN, ES",36.841524213,-3.5551120189,4,,,,28476,obscured,,true,gps,gps,,,Andalucía,Spain,Andalucía,Granada,Convolvulus lanuginosus,Convolvulus lanuginosus,Liseron duveté,Plantae,324313
75161057,2021-04-25 1:56:22 PM GMT+02:00,2021-04-25,2021-04-25 11:56:22 UTC,Pretoria,481997,manuelcardenosa,2021-04-25 11:57:59 UTC,2022-07-26 14:16:08 UTC,research,,https://www.inaturalist.org/observations/75161057,https://inaturalist-open-data.s3.amazonaws.com/photos/122931066/medium.jpeg,,"",,3,0,false,2,"46182 Paterna, Valencia, España",39.5268994593,-0.5101981963,4,,,,4,,,false,,,,,Comunidad Valenciana,Spain,Comunidad Valenciana,Valencia,Convolvulus lanuginosus,Convolvulus lanuginosus,Liseron duveté,Plantae,324313
76726928,2021-04-20 12:56:26,2021-04-20,2021-04-20 10:56:26 UTC,Madrid,4288135,oria_verde,2021-05-02 22:34:29 UTC,2022-07-26 14:15:47 UTC,research,,https://www.inaturalist.org/observations/76726928,https://static.inaturalist.org/photos/125488060/medium.jpeg,,"",,2,0,false,2,"04860 Olula del Río, Almería, España",37.3706735707,-2.2936524823,36,,,,36,,,false,gps,gps,,,Andalucía,Spain,Andalucía,Almería,Convolvulus lanuginosus,Convolvulus lanuginosus,Liseron duveté,Plantae,324313
76974639,2021/05/03 2:53 PM CEST,2021-05-03,2021-05-03 12:53:00 UTC,Paris,1399842,photo-nature,2021-05-03 15:57:16 UTC,2022-07-26 14:15:22 UTC,research,CC-BY-NC,https://www.inaturalist.org/observations/76974639,https://inaturalist-open-data.s3.amazonaws.com/photos/125882129/medium.jpg,,"",,2,0,false,,"Bandol, France",43.1461907262,5.7295311864,76,,,,76,,,false,,,,Var,Provence-Alpes-Côte-d'Azur,France,Provence-Alpes-Côte d'Azur,Var,Convolvulus lanuginosus,Convolvulus lanuginosus,Liseron duveté,Plantae,324313
77241799,Sun May 02 2021 14:59:08 GMT+0200 (GMT+2),2021-05-02,2021-05-02 12:59:08 UTC,Pretoria,2100829,davidcb,2021-05-04 10:26:25 UTC,2022-07-26 14:15:16 UTC,research,CC-BY-NC-ND,https://www.inaturalist.org/observations/77241799,https://inaturalist-open-data.s3.amazonaws.com/photos/126313225/medium.jpg,,"","",2,0,false,3,"Camí de Perots, Flix, Catalunya, ES",41.2794114417,0.5796391144,5,,,,5,,,false,,,,,Cataluña,Spain,Cataluña,Tarragona,Convolvulus lanuginosus,Convolvulus lanuginosus,Liseron duveté,Plantae,324313
77869103,2008/05/15 3:08 PM CEST,2008-05-15,2008-05-15 13:08:00 UTC,Paris,763358,curcu34,2021-05-08 09:27:27 UTC,2022-07-26 14:15:10 UTC,research,CC-BY-NC,https://www.inaturalist.org/observations/77869103,https://inaturalist-open-data.s3.amazonaws.com/photos/127383840/medium.jpeg,,"",,2,0,false,," France, Aude, Leucate, redoute de La Franqui (50 m)",42.92778,3.04444,100,,,,100,,,false,,,,Aude,,France,Languedoc-Roussillon,Aude,Convolvulus lanuginosus,Convolvulus lanuginosus,Liseron duveté,Plantae,324313
77878899,2021-05-08 12:28:15,2021-05-08,2021-05-08 10:28:15 UTC,Paris,3297756,bencostamagna,2021-05-08 11:41:51 UTC,2022-07-26 14:15:07 UTC,research,CC-BY-NC,https://www.inaturalist.org/observations/77878899,https://inaturalist-open-data.s3.amazonaws.com/photos/127399972/medium.jpeg,,"",,3,0,false,2,"13600 Ceyreste, France",43.220699,5.6135849722,,,,,,,,false,gps,gps,,Bouches-Du-Rhône,Provence-Alpes-Côte-d'Azur,France,Provence-Alpes-Côte d'Azur,Bouches-du-Rhône,Liseron duveté,Convolvulus lanuginosus,Liseron duveté,Plantae,324313
79496903,2021/05/19 10:39 AM CEST,2021-05-19,2021-05-19 08:39:00 UTC,Paris,3771288,faluke,2021-05-20 08:24:30 UTC,2022-07-26 14:14:54 UTC,research,CC-BY-NC,https://www.inaturalist.org/observations/79496903,https://inaturalist-open-data.s3.amazonaws.com/photos/130214626/medium.jpeg,,"",,2,0,false,,"Almería, España",36.8699287219,-2.6207876513,31,,,,31,,,false,,,,,Andalucía,Spain,Andalucía,Almería,Convolvulus lanuginosus,Convolvulus lanuginosus,Liseron duveté,Plantae,324313
79617397,2021-05-21 10:16:49,2021-05-21,2021-05-21 08:16:49 UTC,Madrid,4443421,magdabuch,2021-05-21 08:17:48 UTC,2022-07-26 14:11:51 UTC,research,CC-BY-NC,https://www.inaturalist.org/observations/79617397,https://inaturalist-open-data.s3.amazonaws.com/photos/130424853/medium.jpeg,,"",,3,0,false,2,"08790 Gelida, Barcelona, España",41.41286381,1.87648996,6,,,,6,,,false,,,,,Cataluña,Spain,Cataluña,Barcelona,Convolvulus lanuginosus,Convolvulus lanuginosus,Liseron duveté,Plantae,324313
79624115,2021-05-21 12:08:35,2021-05-21,2021-05-21 10:08:35 UTC,Madrid,4317369,xatardia,2021-05-21 10:10:08 UTC,2022-07-26 14:14:41 UTC,research,CC-BY-NC,https://www.inaturalist.org/observations/79624115,https://inaturalist-open-data.s3.amazonaws.com/photos/130435114/medium.jpeg,,"",Convolvulus lanuginosus,3,0,false,2,"Castellolí, 08719, Barcelona, Espanya",41.59372753,1.7086333595,9,,,,9,,,false,,,,,Cataluña,Spain,Cataluña,Barcelona,Convolvulus lanuginosus,Convolvulus lanuginosus,Liseron duveté,Plantae,324313
79761142,2021-05-22 13:17:15,2021-05-22,2021-05-22 11:17:15 UTC,Madrid,4434828,ajmorales1,2021-05-22 11:53:37 UTC,2022-07-26 14:14:26 UTC,research,CC-BY-NC,https://www.inaturalist.org/observations/79761142,https://inaturalist-open-data.s3.amazonaws.com/photos/130669001/medium.jpeg,,"",,3,0,false,2,"Valencia, ES-VC, ES",39.6470265,-0.5720362,1700,,,,1700,,,false,,,,,Comunidad Valenciana,Spain,Comunidad Valenciana,Valencia,Convolvulus lanuginosus,Convolvulus lanuginosus,Liseron duveté,Plantae,324313
80898615,2021/05/21 2:56 PM EET,2021-05-21,2021-05-21 12:56:00 UTC,Cairo,2035809,mario_mairal,2021-05-30 16:21:40 UTC,2022-07-26 14:14:16 UTC,research,CC-BY-NC-SA,https://www.inaturalist.org/observations/80898615,https://inaturalist-open-data.s3.amazonaws.com/photos/132632982/medium.jpg,,"",,2,0,false,,"Granada, Andalucía, Spain",36.8636795833,-3.7241278889,,,,,,,,false,,,,,Andalucía,Spain,Andalucía,Granada,Convolvulus lanuginosus,Convolvulus lanuginosus,Liseron duveté,Plantae,324313
81543241,2021-06-04 12:30:07,2021-06-04,2021-06-04 12:30:07 UTC,UTC,2973900,xavierdomene,2021-06-04 10:30:26 UTC,2022-07-26 14:14:09 UTC,research,,https://www.inaturalist.org/observations/81543241,https://static.inaturalist.org/photos/133763296/medium.jpeg,,"",,2,0,false,2,"El Montmell, Tarragona, Espanya",41.3366559437,1.4711269364,6,,,,6,,,false,,,,,Cataluña,Spain,Cataluña,Tarragona,Convolvulus lanuginosus,Convolvulus lanuginosus,Liseron duveté,Plantae,324313
81614588,2021/06/03 10:04 AM SAST,2021-06-03,2021-06-03 08:04:00 UTC,Pretoria,1431087,amarurubio,2021-06-04 20:31:56 UTC,2022-07-26 14:14:01 UTC,research,CC-BY-NC,https://www.inaturalist.org/observations/81614588,https://inaturalist-open-data.s3.amazonaws.com/photos/133866675/medium.jpg,,"",,2,0,false,,"Barcelona, España",41.60516161,1.651609072,2,,,,2,,,false,,,,,Cataluña,Spain,Cataluña,Barcelona,Convolvulus lanuginosus,Convolvulus lanuginosus,Liseron duveté,Plantae,324313
81614591,2021/06/03 10:04 AM SAST,2021-06-03,2021-06-03 08:04:00 UTC,Pretoria,1431087,amarurubio,2021-06-04 20:31:57 UTC,2022-07-26 14:13:58 UTC,research,CC-BY-NC,https://www.inaturalist.org/observations/81614591,https://inaturalist-open-data.s3.amazonaws.com/photos/133866716/medium.jpg,,"",,2,0,false,,"Barcelona, España",41.60516161,1.651609072,2,,,,2,,,false,,,,,Cataluña,Spain,Cataluña,Barcelona,Convolvulus lanuginosus,Convolvulus lanuginosus,Liseron duveté,Plantae,324313
101385593,2018-05-06 13:20:42+00:00,2018-05-06,2018-05-06 13:20:42 UTC,Edinburgh,2100829,davidcb,2021-11-18 06:51:48 UTC,2022-07-26 14:13:54 UTC,research,CC-BY-NC-ND,https://www.inaturalist.org/observations/101385593,https://static.inaturalist.org/photos/169313924/medium.jpeg,,"",,2,0,false,,"Tarragona, ES-CT, ES",40.9006456007,0.6274447963,10,,,,10,,,false,,,,,Cataluña,Spain,Cataluña,Tarragona,Liseron duveté,Convolvulus lanuginosus,Liseron duveté,Plantae,324313
102740764,2017/04/14 9:16 AM CEST,2017-04-14,2017-04-14 07:16:00 UTC,Paris,4377775,fermin_y_ana,2021-12-09 00:09:27 UTC,2022-07-26 14:10:44 UTC,research,CC-BY-NC,https://www.inaturalist.org/observations/102740764,https://inaturalist-open-data.s3.amazonaws.com/photos/171807739/medium.jpeg,,"","",1,0,false,,"Lérida, España",41.9086176306,0.8960917512,4,,,,4,,,false,,,,,Cataluña,Spain,Cataluña,Lleida,Liseron duveté,Convolvulus lanuginosus,Liseron duveté,Plantae,324313
111138544,2022-04-11 18:16:50,2022-04-11,2022-04-11 16:16:50 UTC,Madrid,2357296,jeusamio,2022-04-11 21:51:54 UTC,2022-07-26 14:10:33 UTC,research,CC-BY,https://www.inaturalist.org/observations/111138544,https://inaturalist-open-data.s3.amazonaws.com/photos/187578388/medium.jpeg,,"",Serreta de Tana,2,0,false,2,"43530 Alcanar, Tarragona, Espanya",40.5639222222,0.5240888889,,,,,,,,false,gps,gps,,,Cataluña,Spain,Cataluña,Tarragona,Liseron duveté,Convolvulus lanuginosus,Liseron duveté,Plantae,324313
111140143,2022-04-11 19:10:11,2022-04-11,2022-04-11 17:10:11 UTC,Madrid,2357296,jeusamio,2022-04-11 22:06:41 UTC,2022-07-26 14:13:50 UTC,research,CC-BY,https://www.inaturalist.org/observations/111140143,https://inaturalist-open-data.s3.amazonaws.com/photos/187581362/medium.jpeg,,"",,2,0,false,2,"43530 Alcanar, Tarragona, Espanya",40.5678638889,0.5262527778,,,,,,,,false,gps,gps,,,Cataluña,Spain,Cataluña,Tarragona,Convolvulus lanuginosus,Convolvulus lanuginosus,Liseron duveté,Plantae,324313
111435187,2022-04-14 11:47:15+02:00,2022-04-14,2022-04-14 09:47:15 UTC,Athens,3274678,marcriera,2022-04-14 17:56:00 UTC,2022-07-26 14:10:23 UTC,research,,https://www.inaturalist.org/observations/111435187,https://static.inaturalist.org/photos/188115446/medium.jpg,,"","",1,0,false,3,"Sant Carles de la Ràpita, Tarragona, ES",40.6409616667,0.5529216667,4,,,,4,,,false,,,,,Cataluña,Spain,Cataluña,Tarragona,Liseron duveté,Convolvulus lanuginosus,Liseron duveté,Plantae,324313
111614951,2022-04-15 12:28:15,2022-04-15,2022-04-15 10:28:15 UTC,Madrid,3979016,nnualart,2022-04-16 06:27:24 UTC,2022-07-26 14:10:15 UTC,research,CC-BY-NC,https://www.inaturalist.org/observations/111614951,https://inaturalist-open-data.s3.amazonaws.com/photos/188444545/medium.jpeg,,"",,1,0,false,2,"Corbera de Llobregat, 08757, Barcelona, Espanya",41.43337251,1.97888738,5,,,,5,,,false,,,,,Cataluña,Spain,Cataluña,Barcelona,Liseron duveté,Convolvulus lanuginosus,Liseron duveté,Plantae,324313
111938869,2022-04-18 18:24:09,2022-04-18,2022-04-18 16:24:09 UTC,Paris,2476309,gerardgaya,2022-04-18 16:25:41 UTC,2022-07-26 14:13:42 UTC,research,CC-BY-NC,https://www.inaturalist.org/observations/111938869,https://inaturalist-open-data.s3.amazonaws.com/photos/189028254/medium.jpeg,,"",,3,0,false,2,"Miravet, 43747, Tarragona, Espanya",41.0323458061,0.5910170451,19,,,,19,,,false,,,,,Cataluña,Spain,Cataluña,Tarragona,Convolvulus lanuginosus,Convolvulus lanuginosus,Liseron duveté,Plantae,324313
112052153,2022-04-19 12:47:41+03:00,2022-04-19,2022-04-19 09:47:41 UTC,Baghdad,1437864,fran86,2022-04-19 16:04:27 UTC,2022-07-26 14:10:05 UTC,research,CC-BY-NC,https://www.inaturalist.org/observations/112052153,https://inaturalist-open-data.s3.amazonaws.com/photos/189237281/medium.jpg,,"","",1,0,false,3,"Torreaguera, Murcia, Murcia, ES",37.9799747638,-1.0592367906,357,,,,357,,,false,,,,,Región de Murcia,Spain,Región de Murcia,Murcia,Liseron duveté,Convolvulus lanuginosus,Liseron duveté,Plantae,324313
113361744,2022-04-28 15:50:59,2022-04-28,2022-04-28 13:50:59 UTC,Paris,229502,benoit_segerer,2022-04-29 11:00:44 UTC,2022-07-26 14:13:34 UTC,research,CC-BY-NC,https://www.inaturalist.org/observations/113361744,https://inaturalist-open-data.s3.amazonaws.com/photos/191541364/medium.jpeg,,"",,2,0,false,2,"11370 Leucate, France",42.93,3.0355555556,,,,,,,,false,gps,gps,,Aude,,France,Languedoc-Roussillon,Aude,Convolvulus lanuginosus,Convolvulus lanuginosus,Liseron duveté,Plantae,324313
115585887,2022/05/02 10:36 AM,2022-05-02,2022-05-02 08:36:00 UTC,Madrid,3771288,faluke,2022-05-05 16:41:06 UTC,2022-07-26 14:09:53 UTC,research,CC-BY-NC,https://www.inaturalist.org/observations/115585887,https://inaturalist-open-data.s3.amazonaws.com/photos/195076785/medium.jpeg,,"",,1,0,false,,"Almería, España",36.823510867,-2.723801469,15,,,,15,,,false,,,,,Andalucía,Spain,Andalucía,Almería,Liseron duveté,Convolvulus lanuginosus,Liseron duveté,Plantae,324313
115698697,2022-04-30 18:39:32+02:00,2022-04-30,2022-04-30 16:39:32 UTC,Paris,894789,bruno31820,2022-05-06 08:07:16 UTC,2022-07-26 14:13:14 UTC,research,,https://www.inaturalist.org/observations/115698697,https://static.inaturalist.org/photos/195273628/medium.jpg,,"","",2,0,false,3,"Impasse du Briganti, Leucate, Languedoc-Roussillon, FR",42.91092,3.0573528333,4,,,,4,,,false,,,,Aude,,France,Languedoc-Roussillon,Aude,Liseron duveté,Convolvulus lanuginosus,Liseron duveté,Plantae,324313
116258413,2022/05/09 10:20 AM,2022-05-09,2022-05-09 08:20:00 UTC,Madrid,39349,cristobaljj,2022-05-09 10:41:00 UTC,2022-07-26 14:13:10 UTC,research,CC-BY,https://www.inaturalist.org/observations/116258413,https://inaturalist-open-data.s3.amazonaws.com/photos/196230105/medium.jpeg,,"",,2,0,false,,"Barcelona, España",41.5204119082,1.568562077,458,,,,458,,,false,,,,,Cataluña,Spain,Cataluña,Barcelona,Convolvulus lanuginosus,Convolvulus lanuginosus,Liseron duveté,Plantae,324313
117041221,2022-05-14 20:54:32,2022-05-14,2022-05-14 18:54:32 UTC,Madrid,3131589,itgranada,2022-05-14 21:45:27 UTC,2022-07-26 14:13:04 UTC,research,CC-BY-NC,https://www.inaturalist.org/observations/117041221,https://inaturalist-open-data.s3.amazonaws.com/photos/197617821/medium.jpeg,,"",,2,0,false,2,"Granada, ES-AN, ES",37.0183715578,-3.6679092621,,,,,28447,obscured,,true,gps,gps,,,Andalucía,Spain,Andalucía,Granada,Convolvulus lanuginosus,Convolvulus lanuginosus,Liseron duveté,Plantae,324313
117094653,2022-05-14 12:06:53+02:00,2022-05-14,2022-05-14 10:06:53 UTC,Madrid,144065,mroy,2022-05-15 06:01:10 UTC,2022-07-26 14:12:58 UTC,research,CC-BY-NC,https://www.inaturalist.org/observations/117094653,https://inaturalist-open-data.s3.amazonaws.com/photos/197716528/medium.jpg,,"","",3,0,false,3,"T-322, Colldejou, Tarragona, ES",41.0953671648,0.886623433,3924,,,,3924,,,false,,,,,Cataluña,Spain,Cataluña,Tarragona,Convolvulus lanuginosus,Convolvulus lanuginosus,Liseron duveté,Plantae,324313
117898636,2022-05-20 19:34:23,2022-05-20,2022-05-20 17:34:23 UTC,Madrid,4413239,floresdemurcia,2022-05-20 18:35:39 UTC,2022-07-26 14:12:52 UTC,research,CC-BY-NC,https://www.inaturalist.org/observations/117898636,https://inaturalist-open-data.s3.amazonaws.com/photos/199148016/medium.jpeg,,"",,2,0,false,2,"Casa El Sequén, 30120 Murcia, España",37.9251964997,-1.1285016997,,,,,,,,false,gps,gps,,,Región de Murcia,Spain,Región de Murcia,Murcia,Liseron duveté,Convolvulus lanuginosus,Liseron duveté,Plantae,324313
118380336,2022-05-21 08:31:56,2022-05-21,2022-05-21 06:31:56 UTC,Madrid,4288135,oria_verde,2022-05-23 15:43:13 UTC,2022-07-26 14:12:46 UTC,research,,https://www.inaturalist.org/observations/118380336,https://static.inaturalist.org/photos/200003507/medium.jpeg,,"",,3,0,false,2,"04810 Oria, Almería, España",37.4788657042,-2.3485452309,,,,,,,,false,,,,,Andalucía,Spain,Andalucía,Almería,Convolvulus lanuginosus,Convolvulus lanuginosus,Liseron duveté,Plantae,324313
118396609,2022/05/22 12:54 PM,2022-05-22,2022-05-22 10:54:00 UTC,Madrid,4440965,jlcanovas,2022-05-23 17:35:42 UTC,2022-07-26 14:12:35 UTC,research,CC-BY-NC,https://www.inaturalist.org/observations/118396609,https://inaturalist-open-data.s3.amazonaws.com/photos/200024297/medium.jpeg,,"",,3,0,false,,"Murcia, España",37.7198661432,-1.6571481805,510,,,,510,,,false,,,,,Región de Murcia,Spain,Región de Murcia,Murcia,Convolvulus lanuginosus,Convolvulus lanuginosus,Liseron duveté,Plantae,324313
119202883,2022-05-29 10:34:12+02:00,2022-05-29,2022-05-29 08:34:12 UTC,Madrid,5716844,alfreducho,2022-05-29 08:35:02 UTC,2022-07-26 14:12:25 UTC,research,CC-BY-NC,https://www.inaturalist.org/observations/119202883,https://inaturalist-open-data.s3.amazonaws.com/photos/201487514/medium.jpg,,"","",2,0,false,3,"Godella, Valencia, ES",39.5349931852,-0.4352698508,380,,,,380,,,false,,,,,Comunidad Valenciana,Spain,Comunidad Valenciana,Valencia,Liseron duveté,Convolvulus lanuginosus,Liseron duveté,Plantae,324313
119387382,2022-05-30 10:13:13+02:00,2022-05-30,2022-05-30 08:13:13 UTC,Madrid,4343086,m_perez_felices,2022-05-30 08:13:37 UTC,2022-07-26 14:12:20 UTC,research,CC-BY-NC,https://www.inaturalist.org/observations/119387382,https://inaturalist-open-data.s3.amazonaws.com/photos/201814671/medium.jpg,,"","",3,0,false,3,"Parque Natural Cabo de Gata - Nijar, Níjar, Almería, ES",36.8453257449,-2.0148948285,85,,,,85,,,false,,,,,Andalucía,Spain,Andalucía,Almería,Convolvulus lanuginosus,Convolvulus lanuginosus,Liseron duveté,Plantae,324313
119786108,2022-05-29 13:11:27,2022-05-29,2022-05-29 11:11:27 UTC,Madrid,4417494,jordibassols,2022-06-01 20:53:32 UTC,2022-07-26 14:12:07 UTC,research,CC-BY-NC-SA,https://www.inaturalist.org/observations/119786108,https://inaturalist-open-data.s3.amazonaws.com/photos/202531947/medium.jpeg,,"",,2,0,false,2,"08860 Castelldefels, Barcelona, Espanya",41.2582809722,1.9183479722,,,,,,,,false,gps,gps,,,Cataluña,Spain,Cataluña,Barcelona,Convolvulus lanuginosus,Convolvulus lanuginosus,Liseron duveté,Plantae,324313
119886494,2022-05-27 13:50:55,2022-05-27,2022-05-27 11:50:55 UTC,Madrid,1882959,edulg,2022-06-02 16:10:37 UTC,2022-07-26 14:09:45 UTC,research,,https://www.inaturalist.org/observations/119886494,https://static.inaturalist.org/photos/202711740/medium.jpeg,,"",,1,0,false,2,"Mas de Lliberrós, 43596 Horta de Sant Joan, Tarragona, España",40.8872824167,0.29873525,,,,,,,,false,gps,gps,,,Cataluña,Spain,Cataluña,Tarragona,Liseron duveté,Convolvulus lanuginosus,Liseron duveté,Plantae,324313
120134870,2022-06-01 09:11:08,2022-06-01,2022-06-01 07:11:08 UTC,Madrid,5144405,ferran9,2022-06-04 10:52:36 UTC,2022-07-26 14:09:38 UTC,research,,https://www.inaturalist.org/observations/120134870,https://static.inaturalist.org/photos/203159015/medium.jpeg,,"",,1,0,false,2,"Olocau, 46169, València, Espanya",39.7099394997,-0.4960231997,,,,,,,,false,,,,,Comunidad Valenciana,Spain,Comunidad Valenciana,Valencia,Liseron duveté,Convolvulus lanuginosus,Liseron duveté,Plantae,324313
122803782,2022/04/29 10:21,2022-04-29,2022-04-29 08:21:00 UTC,Madrid,5811347,wobi1954,2022-06-21 13:41:59 UTC,2022-07-26 14:12:03 UTC,research,CC-BY-NC,https://www.inaturalist.org/observations/122803782,https://inaturalist-open-data.s3.amazonaws.com/photos/207961670/medium.jpg,,"Europa, Europe, Southern Europe, Spain, Spanien, Südeuropa",,2,0,false,,"Provinz Tarragona, Spanien",40.7216383333,0.34332,,,,,,,,false,,,,,Cataluña,Spain,Cataluña,Tarragona,Liseron duveté,Convolvulus lanuginosus,Liseron duveté,Plantae,324313
122917811,2022/05/14 2:26 PM,2022-05-14,2022-05-14 12:26:00 UTC,Paris,763358,curcu34,2022-06-22 07:14:13 UTC,2022-07-26 14:12:00 UTC,research,CC-BY-NC,https://www.inaturalist.org/observations/122917811,https://inaturalist-open-data.s3.amazonaws.com/photos/208172878/medium.jpeg,,"",,2,0,false,,"France, Aude, Leucate, Plateau de Leucate, Les Forts (46 m)",42.914214,3.058318,10,,,,10,,,false,,,,Aude,,France,Languedoc-Roussillon,Aude,Convolvulus lanuginosus,Convolvulus lanuginosus,Liseron duveté,Plantae,324313
