id;observed_on_string;observed_on;time_observed_at;time_zone;out_of_range;user_id;user_login;created_at;updated_at;quality_grade;license;url;image_url;sound_url;tag_list;description;id_please;num_identification_agreements;num_identification_disagreements;captive_cultivated;oauth_application_id;place_guess;latitude;longitude;positional_accuracy;geoprivacy;taxon_geoprivacy;coordinates_obscured;positioning_method;positioning_device;species_guess;scientific_name;common_name;iconic_taxon_name;taxon_id
269686;16/05/2013 16:10;16/05/2013;2013-05-16 14:10:55 UTC;Copenhagen;;4859;dhobern;2013-05-16 22:05:12 UTC;2019-11-24 23:00:44 UTC;research;CC0;http://www.inaturalist.org/observations/269686;https://static.inaturalist.org/photos/333647/medium.jpg?1444607176;;;Pont del Diable, Tarragona, Spain, 16 May 2013;false;1;0;false;;Constantí, Catalonia, Spain;41.145634;1.243901;;;;false;;;Convolvulus lanuginosus;Convolvulus lanuginosus;Liseron duveté;Plantae;324313
1439373;29/04/2015;29/04/2015;;UTC;;3462;liesvanrompaey;2015-04-30 11:02:47 UTC;2019-11-24 23:00:05 UTC;research;CC-BY;http://www.inaturalist.org/observations/1439373;https://static.inaturalist.org/photos/1781443/medium.JPG?1430391835;;;;false;1;0;false;;Frigiliana, Andalusia, Spain, Europe;36.771566;-3.887304;;;;false;;;Convolvulus lanuginosus;Convolvulus lanuginosus;Liseron duveté;Plantae;324313
5854091;Wed Apr 19 2017 16:38:39 GMT+0200 (GMT+2);19/04/2017;2017-04-19 14:38:39 UTC;Africa/Johannesburg;;185971;murielbendel;2017-04-19 16:22:20 UTC;2019-11-24 22:57:46 UTC;research;CC-BY-SA;https://www.inaturalist.org/observations/5854091;https://static.inaturalist.org/photos/7287272/medium.jpg?1492618989;;;;false;1;0;false;3;43514, Mas de Barberans, Katalonien, ES;40.7175225861;0.3532512436;218;;;false;;;Convolvulus lanuginosus;Convolvulus lanuginosus;Liseron duveté;Plantae;324313
6020568;2017-04-30 1:09:22 p.m. CEST;30/04/2017;2017-04-30 11:09:22 UTC;Paris;;38832;kongost;2017-04-30 11:10:19 UTC;2017-09-27 20:01:04 UTC;research;CC-BY-NC;https://www.inaturalist.org/observations/6020568;https://static.inaturalist.org/photos/7534497/medium.jpeg?1493550668;;;;false;2;0;false;2;12004 Castelló de la Plana Castelló;40.0416990447;0.0014829881;6;;;false;;;Convolvulus lanuginosus;Convolvulus lanuginosus;Liseron duveté;Plantae;324313
14860799;19/06/2013;19/06/2013;;Lisbon;;682977;francisco100;2018-07-29 01:15:19 UTC;2019-11-24 22:07:48 UTC;research;;https://www.inaturalist.org/observations/14860799;https://static.inaturalist.org/photos/22184686/medium.jpeg?1532826917;;;;false;1;0;false;;Spain - Albacete;38.3979972652;-1.5869591385;10;;;false;;;Convolvulus lanuginosus;Convolvulus lanuginosus;Liseron duveté;Plantae;324313
19567424;2016/04/29 12:28 PM CEST;29/04/2016;2016-04-29 10:28:00 UTC;Paris;;1167914;guillaume_papuga;2019-01-11 07:56:52 UTC;2019-11-24 21:59:45 UTC;research;CC-BY-NC;https://www.inaturalist.org/observations/19567424;https://static.inaturalist.org/photos/30119757/medium.jpeg?1547191692;;;;false;1;0;false;;Province de Huesca, Espagne;41.88311;0.57608;20;;;false;;;Convolvulus lanuginosus;Convolvulus lanuginosus;Liseron duveté;Plantae;324313
25793375;2019/04/07 1:18 PM CEST;07/04/2019;2019-04-07 11:18:00 UTC;Berlin;;1374169;felix_riegel;2019-05-26 08:30:25 UTC;2019-05-26 08:35:58 UTC;research;CC-BY-NC;https://www.inaturalist.org/observations/25793375;https://static.inaturalist.org/photos/39989587/medium.jpeg?1558859325;;Convolvulus lanuginosus;;false;1;0;false;;Marbella, Provinz Málaga, Spanien;36.53875155;-4.8830726901;;;;false;;;Convolvulus lanuginosus;Convolvulus lanuginosus;Liseron duveté;Plantae;324313
27202258;Tue Jun 18 2019 12:08:38 GMT+0200 (GMT+2);18/06/2019;2019-06-18 10:08:38 UTC;Africa/Johannesburg;;1874747;jose_antoniot;2019-06-18 10:09:04 UTC;2019-11-24 21:10:15 UTC;needs_id;CC-BY-NC;https://www.inaturalist.org/observations/27202258;https://static.inaturalist.org/photos/42300322/medium.jpg?1560852576;;;;false;1;0;false;3;Autovía Mudéjar, Jérica, Comunidad Valenciana, ES;39.8859445115;-0.5427922587;5;;;false;;;Convolvulus lanuginosus;Convolvulus lanuginosus;Liseron duveté;Plantae;324313
27202347;Tue Jun 18 2019 12:11:01 GMT+0200 (GMT+2);18/06/2019;2019-06-18 10:11:01 UTC;Africa/Johannesburg;;1874747;jose_antoniot;2019-06-18 10:13:18 UTC;2019-11-25 00:47:05 UTC;needs_id;CC-BY-NC;https://www.inaturalist.org/observations/27202347;https://static.inaturalist.org/photos/42300479/medium.jpg?1560852835;;;;false;1;0;false;3;Autovía Mudéjar, Jérica, Comunidad Valenciana, ES;39.8859233199;-0.542806845;6;;;false;;;Convolvulus lanuginosus;Convolvulus lanuginosus;Liseron duveté;Plantae;324313
31655773;2019/04/09 2:29 PM CEST;09/04/2019;2019-04-09 12:29:00 UTC;Berlin;;1374169;felix_riegel;2019-08-28 05:46:52 UTC;2019-08-31 12:41:28 UTC;research;CC-BY-NC;https://www.inaturalist.org/observations/31655773;https://static.inaturalist.org/photos/49564373/medium.jpeg?1566967974;;Convolvulus lanuginosus;Sierra de Mijas;false;1;0;false;;Málaga, Andalucía, Spain;36.60272679;-4.66027387;;;;false;;;Convolvulus lanuginosus;Convolvulus lanuginosus;Liseron duveté;Plantae;324313
35240547;2019/04/06 1:35 PM CEST;06/04/2019;2019-04-06 11:35:00 UTC;Berlin;;1374169;felix_riegel;2019-11-03 15:58:41 UTC;2019-11-24 20:48:46 UTC;research;CC-BY-NC;https://www.inaturalist.org/observations/35240547;https://static.inaturalist.org/photos/55548256/medium.jpeg?1572796425;;Convolvulus lanuginosus;;false;1;0;false;;Málaga, Andalucía, Spain;36.59070196;-4.88349369;;;;false;;;Convolvulus lanuginosus;Convolvulus lanuginosus;Liseron duveté;Plantae;324313
36625801;1998/04/15 9:47 PM CEST;15/04/1998;1998-04-15 19:47:00 UTC;Paris;;1978464;angel_fernandez_cancio;2019-12-13 21:04:40 UTC;2020-01-20 08:42:20 UTC;research;CC-BY-NC;https://www.inaturalist.org/observations/36625801;https://static.inaturalist.org/photos/57918595/medium.jpg?1576270222;;;;false;1;0;false;; Zona de Agramón, Albacete  , España;38.4382221544;-1.6629414255;8;;;false;;;Liseron duveté;Convolvulus lanuginosus;Liseron duveté;Plantae;324313